District,Bed,haul,Sampler,species_code,size_class,scallop_id,sex,gonad_cond,shell_height,first_annulus,field_age,mud_blister,worm,damage,whole_wt,meat_cond,meat_wt,epi_wt,
KSH,1,1,MDS,74120,1,1,1,3,159,33,12,0,1,0,0.291,0,0.028,,
KSH,1,1,MDS,74120,1,2,2,4,163,29,17,0,1,0,0.333,0,0.024,,
KSH,1,1,MDS,74120,1,3,2,3,138,29,5,0,0,0,0.163,0,0.015,,
KSH,1,1,MDS,74120,1,4,1,3,157,19,14,0,0,0,0.234,1,0.024,,
KSH,1,1,MDS,74120,1,5,1,3,163,24,14,0,1,0,0.283,0,0.033,,
KSH,1,1,MDS,74120,1,6,2,3,161,24,11,0,1,0,0.285,0,0.030,,
KSH,1,1,MDS,74120,1,7,2,3,153,18,10,0,1,0,0.223,0,0.026,,
KSH,1,1,MDS,74120,1,8,1,4,165,31,14,0,1,0,0.277,0,0.030,,
KSH,1,1,MDS,74120,1,9,2,3,123,25,6,0,0,0,0.124,0,0.013,,
KSH,1,1,MDS,74120,1,10,1,4,181,27,20,1,1,0,0.415,0,0.043,,
KSH,1,1,MDS,74120,2,11,0,0,47,23,1,0,0,0,,0,,,
KSH,1,1,MDS,74120,2,12,0,0,34,28,1,0,0,0,,0,,,
KSH,1,1,MDS,74120,2,13,0,0,32,27,1,0,0,0,,0,,,
KSH,1,1,MDS,74120,3,21,0,0,164,25,15,1,0,0,,0,,,
KSH,1,1,MDS,74120,3,22,0,0,163,29,12,0,1,0,,0,,,
KSH,1,1,MDS,74120,3,23,0,0,180,22,16,0,0,0,,0,,,
KSH,1,2,MDS,74120,1,1,1,3,182,27,19,0,0,0,0.362,0,0.037,,
KSH,1,2,MDS,74120,1,2,1,1,,27,13,0,1,15,0.206,0,0.025,,
KSH,1,2,MDS,74120,1,3,2,3,136,30,5,0,0,3,0.156,0,0.022,,
KSH,1,2,MDS,74120,1,4,2,4,167,28,14,0,1,0,0.276,0,0.031,,
KSH,1,2,MDS,74120,1,5,2,4,171,20,15,0,1,0,0.336,0,0.035,,
KSH,1,2,MDS,74120,1,6,2,4,155,25,14,0,1,3,0.278,0,0.029,,
KSH,1,2,MDS,74120,1,7,2,4,170,28,14,0,1,0,0.339,0,0.030,,
KSH,1,2,MDS,74120,1,8,2,4,,,,0,0,125,0.212,0,0.040,,
KSH,1,2,MDS,74120,1,9,1,4,151,27,14,0,1,0,0.276,0,0.031,,
KSH,1,2,MDS,74120,2,11,2,3,90,29,3,0,0,0,,0,,,
KSH,1,2,MDS,74120,2,12,0,0,66,22,2,0,0,0,,0,,,
KSH,1,2,MDS,74120,2,13,0,0,65,24,2,0,0,0,,0,,,
KSH,1,2,MDS,74120,2,14,0,0,34,24,1,0,0,0,,0,,,
KSH,1,2,MDS,74120,3,21,0,0,152,28,11,0,1,0,,0,,,
KSH,1,2,MDS,74120,3,22,0,0,146,31,10,0,0,0,,0,,,
KSH,1,2,MDS,74120,3,23,0,0,155,31,13,0,1,0,,0,,,
KSH,1,2,MDS,74120,3,24,0,0,148,26,9,0,0,0,,0,,,
KSH,1,3,MDS,74120,1,1,2,3,147,21,9,0,1,0,0.225,0,0.029,,
KSH,1,3,MDS,74120,1,2,1,4,159,24,10,0,1,0,0.351,0,0.033,,
KSH,1,3,MDS,74120,1,3,2,4,145,30,6,0,0,0,0.241,0,0.027,,
KSH,1,3,MDS,74120,1,4,2,4,132,24,6,0,0,0,0.213,0,0.019,,
KSH,1,3,MDS,74120,1,5,2,4,168,34,13,0,1,0,0.368,0,0.034,,
KSH,1,3,MDS,74120,1,6,2,4,159,32,12,0,0,0,0.394,0,0.033,,
KSH,1,3,MDS,74120,1,7,2,4,146,26,6,0,0,0,0.276,0,0.022,,
KSH,1,3,MDS,74120,1,8,2,4,148,26,7,0,0,0,0.320,0,0.021,,
KSH,1,3,MDS,74120,1,9,1,4,192,27,22,0,2,0,0.579,0,0.044,,
KSH,1,3,MDS,74120,1,10,1,3,163,34,15,0,1,0,0.410,1,0.037,,
KSH,1,3,MDS,74120,2,11,1,3,71,27,2,0,0,0,,0,,,
KSH,1,3,MDS,74120,2,12,1,3,80,32,2,0,0,0,,0,,,
KSH,1,3,MDS,74120,2,13,1,3,73,26,2,0,0,0,,0,,,
KSH,1,3,MDS,74120,2,14,0,0,69,21,2,0,0,0,,0,,,
KSH,1,3,MDS,74120,2,15,0,0,65,23,2,0,0,0,,0,,,
KSH,1,3,MDS,74120,2,16,0,0,46,19,1,0,0,0,,0,,,
KSH,1,3,MDS,74120,2,17,0,0,46,21,1,0,0,0,,0,,,
KSH,1,3,MDS,74120,2,18,0,0,31,22,1,0,0,0,,0,,,
KSH,1,3,MDS,74120,2,19,0,0,38,29,1,0,0,0,,0,,,
KSH,1,3,MDS,74120,2,20,0,0,49,25,1,0,0,0,,0,,,
KSH,1,3,MDS,74120,3,21,0,0,171,32,11,0,1,1,,0,,,
KSH,1,4,MDS,74120,1,1,1,4,182,30,17,0,1,0,0.373,0,0.041,,
KSH,1,4,MDS,74120,1,2,2,3,149,27,12,0,1,0,0.199,0,0.019,,
KSH,1,4,MDS,74120,1,3,1,2,146,25,11,0,1,0,0.187,0,0.019,,
KSH,1,4,MDS,74120,2,11,0,0,78,23,2,0,0,0,,0,,,
KSH,1,4,MDS,74120,3,21,0,0,176,29,18,0,0,0,,0,,,
KSH,1,5,MDS,74120,1,6,2,4,162,29,9,0,1,0,0.360,0,0.038,0.019,
KSH,1,5,MDS,74120,1,5,1,4,175,28,11,0,2,0,0.607,0,0.050,0.032,
KSH,1,5,MDS,74120,1,1,1,4,157,38,9,0,1,0,0.363,0,0.035,,
KSH,1,5,MDS,74120,1,2,2,4,168,22,9,0,1,0,0.411,0,0.048,,
KSH,1,5,MDS,74120,1,3,2,4,181,27,13,0,3,3,0.447,0,0.048,,
KSH,1,5,MDS,74120,1,4,1,4,,31,9,0,1,13,0.441,0,0.039,,
KSH,1,5,MDS,74120,2,11,1,3,83,28,2,0,0,0,,0,,,
KSH,1,5,MDS,74120,2,12,1,3,66,28,2,0,0,0,,0,,,
KSH,1,5,MDS,74120,2,13,2,3,63,27,2,0,0,0,,0,,,
KSH,1,5,MDS,74120,2,14,2,3,66,32,2,0,0,0,,0,,,
KSH,1,5,MDS,74120,2,15,1,3,66,25,2,0,0,0,,0,,,
KSH,1,5,MDS,74120,2,16,1,3,78,20,2,0,0,0,,0,,,
KSH,1,5,MDS,74120,2,17,0,0,69,24,2,0,0,0,,0,,,
KSH,1,5,MDS,74120,2,18,0,0,67,32,1,0,0,0,,0,,,
KSH,1,5,MDS,74120,2,19,1,3,65,31,1,0,0,0,,0,,,
KSH,1,5,MDS,74120,2,20,0,0,63,28,2,0,0,0,,0,,,
KSH,1,5,MDS,74120,3,21,0,0,175,26,15,0,1,0,,0,,,
KSH,1,6,MDS,74120,1,1,2,3,146,27,6,0,0,0,0.338,0,0.023,,
KSH,1,6,MDS,74120,1,2,1,3,152,30,6,0,0,0,0.287,0,0.027,,
KSH,1,6,MDS,74120,1,4,2,3,159,31,9,0,0,0,0.328,0,0.031,,
KSH,1,6,MDS,74120,1,3,2,2,115,22,4,0,0,0,0.139,0,0.013,,
KSH,1,6,MDS,74120,1,5,1,3,,27,4,0,0,3,0.148,0,0.015,,
KSH,1,6,MDS,74120,1,6,2,3,153,24,11,0,0,0,0.331,0,0.024,,
KSH,1,6,MDS,74120,1,7,2,3,142,33,6,0,0,0,0.245,0,0.020,,
KSH,1,6,MDS,74120,1,8,2,3,137,27,5,0,0,0,0.158,0,0.017,,
KSH,1,6,MDS,74120,1,9,1,3,141,20,6,0,0,0,0.206,0,0.025,,
KSH,1,6,MDS,74120,1,10,2,3,160,20,12,0,1,0,0.269,0,0.030,,
KSH,1,6,MDS,74120,2,11,1,3,74,30,2,0,0,0,,0,,,
KSH,1,6,MDS,74120,2,12,0,0,73,25,2,0,0,2,,0,,,
KSH,1,6,MDS,74120,2,13,0,0,72,23,2,0,0,0,,0,,,
KSH,1,6,MDS,74120,2,14,0,0,51,30,1,0,0,0,,0,,,
KSH,1,6,MDS,74120,2,15,0,0,47,19,1,0,0,0,,0,,,
KSH,1,6,MDS,74120,2,16,0,0,50,30,1,0,0,0,,0,,,
KSH,1,6,MDS,74120,2,17,0,0,44,27,1,0,0,0,,0,,,
KSH,1,6,MDS,74120,2,18,0,0,48,29,1,0,0,0,,0,,,
KSH,1,6,MDS,74120,2,19,0,0,30,21,1,0,0,0,,0,,,
KSH,1,6,MDS,74120,3,21,0,0,139,24,7,0,0,0,,0,,,
KSH,1,8,MDS,74120,1,1,2,3,144,23,7,0,0,0,0.181,0,0.020,,
KSH,1,8,MDS,74120,1,2,1,4,174,29,16,0,0,0,0.330,0,0.038,,
KSH,1,8,MDS,74120,1,3,2,3,151,20,9,0,0,0,0.267,0,0.024,,
KSH,1,8,MDS,74120,1,4,2,3,129,22,5,0,0,0,0.193,0,0.014,,
KSH,1,8,MDS,74120,1,5,2,3,150,30,9,0,0,0,0.273,0,0.025,,
KSH,1,8,MDS,74120,1,6,1,3,134,22,6,0,0,3,0.173,0,0.019,,
KSH,1,8,MDS,74120,1,7,1,3,124,27,4,0,0,0,0.172,0,0.010,,
KSH,1,8,MDS,74120,1,8,0,2,101,18,4,0,0,0,0.100,0,0.011,,
KSH,1,8,MDS,74120,1,9,1,2,100,19,3,0,0,0,0.079,0,0.007,,
KSH,1,8,MDS,74120,1,10,1,3,104,19,3,0,0,0,0.092,0,0.008,,
KSH,1,8,MDS,74120,2,11,2,3,95,25,3,0,0,0,,0,,,
KSH,1,8,MDS,74120,2,12,1,3,93,33,3,0,0,0,,0,,,
KSH,1,8,MDS,74120,2,13,0,0,65,25,2,0,0,0,,0,,,
KSH,1,8,MDS,74120,2,14,0,0,59,23,2,0,0,0,,0,,,
KSH,1,8,MDS,74120,2,15,0,0,58,21,2,0,0,0,,0,,,
KSH,1,8,MDS,74120,2,16,0,0,56,20,2,0,0,0,,0,,,
KSH,1,8,MDS,74120,2,17,0,0,56,30,1,0,0,0,,0,,,
KSH,1,8,MDS,74120,2,18,0,0,52,33,1,0,0,0,,0,,,
KSH,1,8,MDS,74120,2,19,0,0,32,25,1,0,0,0,,0,,,
KSH,1,8,MDS,74120,2,20,0,0,34,26,1,0,0,0,,0,,,
KSH,1,8,MDS,74120,3,21,0,0,144,31,9,0,1,0,,0,,,
KSH,1,9,MDS,74120,1,1,1,3,147,24,7,0,0,0,0.188,0,0.020,,
KSH,1,9,MDS,74120,1,2,1,3,157,30,13,0,0,0,0.290,0,0.028,,
KSH,1,9,MDS,74120,1,3,2,3,148,21,10,0,0,0,0.286,0,0.024,,
KSH,1,9,MDS,74120,1,4,1,3,105,19,4,0,0,0,0.085,0,0.006,,
KSH,1,9,MDS,74120,1,5,2,3,110,22,4,0,0,0,0.132,0,0.009,,
KSH,1,9,MDS,74120,1,6,2,3,134,28,6,0,0,0,0.151,0,0.014,,
KSH,1,9,MDS,74120,1,7,1,3,168,27,12,0,0,2,0.360,0,0.037,,
KSH,1,9,MDS,74120,1,8,2,4,165,24,13,0,1,0,0.418,0,0.027,,
KSH,1,9,MDS,74120,1,9,2,3,139,27,5,0,0,0,0.224,0,0.017,,
KSH,1,9,MDS,74120,1,10,1,2,108,20,4,0,0,0,0.099,0,0.006,,
KSH,1,9,MDS,74120,2,11,2,0,103,22,4,1,0,0,,0,,,
KSH,1,9,MDS,74120,2,12,2,2,96,33,3,0,0,0,,0,,,
KSH,1,9,MDS,74120,2,13,2,3,97,17,4,0,0,0,,0,,,
KSH,1,9,MDS,74120,2,14,0,0,66,24,2,0,0,0,,0,,,
KSH,1,9,MDS,74120,2,15,0,0,62,22,2,0,0,0,,0,,,
KSH,1,9,MDS,74120,2,16,0,0,65,24,2,0,0,0,,0,,,
KSH,1,9,MDS,74120,2,17,0,0,52,24,1,0,0,0,,0,,,
KSH,1,9,MDS,74120,2,18,0,0,57,29,1,0,0,0,,0,,,
KSH,1,9,MDS,74120,2,19,0,0,61,22,2,0,0,0,,0,,,
KSH,1,9,MDS,74120,2,20,0,0,13,13,1,0,0,0,,0,,,
KSH,1,9,MDS,74120,3,21,0,0,147,29,7,0,0,0,,0,,,
KSH,1,9,MDS,74120,3,22,0,0,157,35,12,0,1,0,,0,,,
KSH,1,9,MDS,74120,3,23,0,0,168,23,13,0,0,0,,0,,,
KSH,1,10,MDS,74120,1,1,1,3,127,24,5,0,0,0,0.190,0,0.015,,
KSH,1,11,MDS,74120,1,1,2,3,158,31,14,0,1,0,0.296,0,0.023,,
KSH,1,11,MDS,74120,1,2,1,3,170,22,16,0,1,0,0.345,1,0.030,,
KSH,1,11,MDS,74120,1,3,2,3,160,27,16,0,0,0,0.294,0,0.027,,
KSH,1,11,MDS,74120,1,4,1,3,166,25,14,0,1,0,0.324,0,0.025,,
KSH,1,11,MDS,74120,1,5,2,3,148,22,10,0,1,0,0.224,0,0.017,,
KSH,1,11,MDS,74120,1,6,2,3,162,26,19,0,1,0,0.318,0,0.024,,
KSH,1,11,MDS,74120,1,7,2,3,144,25,10,0,1,0,0.198,0,0.018,,
KSH,1,11,MDS,74120,1,8,1,3,152,25,12,0,0,0,0.282,0,0.020,,
KSH,1,11,MDS,74120,2,11,1,3,99,27,3,0,0,0,,0,,,
KSH,1,13,MDS,74120,2,11,0,0,54,21,2,0,0,0,,0,,,
KSH,1,13,MDS,74120,2,12,0,0,56,29,1,0,0,0,,0,,,
KSH,1,13,MDS,74120,2,13,2,3,100,29,3,0,0,0,,0,,,
KSH,1,13,MDS,74120,2,14,2,3,92,24,3,0,0,0,,0,,,
KSH,1,14,MDS,74120,1,1,2,3,169,37,15,0,1,0,0.448,0,0.043,,
KSH,1,14,MDS,74120,1,2,1,3,141,19,6,0,0,0,0.216,0,0.020,,
KSH,1,14,MDS,74120,1,3,2,3,145,32,6,0,1,0,0.250,0,0.026,,
KSH,1,14,MDS,74120,1,4,1,3,141,25,6,1,1,0,0.312,0,0.028,,
KSH,1,14,MDS,74120,1,5,1,3,102,32,3,0,0,0,0.098,0,0.009,,
KSH,1,14,MDS,74120,1,6,1,3,120,33,4,0,0,2,0.162,0,0.012,,
KSH,1,14,MDS,74120,2,11,1,3,66,28,2,0,0,0,,0,,,
KSH,1,14,MDS,74120,2,12,2,3,66,30,2,0,0,0,,0,,,
KSH,1,14,MDS,74120,2,13,1,3,67,29,2,0,0,0,,0,,,
KSH,1,14,MDS,74120,2,14,0,0,20,20,1,0,0,0,,0,,,
KSH,1,14,MDS,74120,2,15,0,0,22,22,1,0,0,0,,0,,,
KSH,1,14,MDS,74120,2,16,0,0,26,26,1,0,0,0,,0,,,
KSH,1,14,MDS,74120,2,17,0,0,24,24,1,0,0,0,,0,,,
KSH,1,14,MDS,74120,2,18,0,0,26,26,1,0,0,0,,0,,,
KSH,1,14,MDS,74120,2,19,0,0,23,23,1,0,0,0,,0,,,
KSH,1,14,MDS,74120,2,20,0,0,24,24,1,0,0,0,,0,,,
KSH,1,15,MDS,74120,1,1,2,3,164,17,10,0,1,0,0.427,0,0.046,,
KSH,1,15,MDS,74120,1,2,2,3,127,21,4,0,0,0,0.140,0,0.013,,
KSH,1,15,MDS,74120,1,3,1,3,101,28,3,0,0,0,0.098,0,0.007,,
KSH,1,15,MDS,74120,1,4,1,3,119,25,4,0,0,0,0.172,0,0.012,,
KSH,1,15,MDS,74120,1,5,1,3,105,24,3,0,0,0,0.111,0,0.007,,
KSH,1,15,MDS,74120,1,6,1,3,159,22,10,0,1,0,0.298,0,0.029,,
KSH,1,15,MDS,74120,1,7,1,3,99,24,3,0,0,0,0.102,0,0.008,,
KSH,1,15,MDS,74120,1,8,2,3,126,31,4,0,0,0,0.171,0,0.012,,
KSH,1,15,MDS,74120,1,9,2,3,110,21,3,0,0,0,0.133,0,0.012,,
KSH,1,15,MDS,74120,1,10,2,3,141,27,6,0,0,0,0.310,0,0.025,,
KSH,1,15,MDS,74120,2,11,1,3,67,28,2,0,0,0,,0,,,
KSH,1,15,MDS,74120,2,12,1,3,67,29,2,0,0,0,,0,,,
KSH,1,15,MDS,74120,2,13,1,3,63,25,2,0,0,0,,0,,,
KSH,1,15,MDS,74120,2,14,0,0,57,22,2,0,0,0,,0,,,
KSH,1,15,MDS,74120,2,15,2,3,63,26,2,0,0,0,,0,,,
KSH,1,15,MDS,74120,2,16,0,0,46,28,1,0,0,0,,0,,,
KSH,1,15,MDS,74120,2,17,0,0,45,33,1,0,0,0,,0,,,
KSH,1,15,MDS,74120,2,18,0,0,20,20,1,0,0,0,,0,,,
KSH,1,15,MDS,74120,2,19,0,0,23,23,1,0,0,0,,0,,,
KSH,1,15,MDS,74120,2,20,0,0,17,17,1,0,0,0,,0,,,
KSH,1,16,MDS,74120,1,1,1,3,124,29,4,0,0,2,0.171,0,0.018,,
KSH,1,16,MDS,74120,1,2,1,3,114,26,4,0,0,0,0.140,0,0.012,,
KSH,1,16,MDS,74120,1,3,1,3,146,25,7,1,0,0,0.256,0,0.023,,
KSH,1,16,MDS,74120,1,4,2,3,115,28,4,0,0,0,0.148,0,0.012,,
KSH,1,16,MDS,74120,1,5,1,3,108,31,4,0,0,0,0.123,0,0.009,,
KSH,1,16,MDS,74120,1,6,2,3,146,21,8,0,0,0,0.293,0,0.028,,
KSH,1,16,MDS,74120,1,7,2,3,117,27,4,0,0,0,0.135,0,0.012,,
KSH,1,16,MDS,74120,1,8,2,3,118,24,4,0,0,0,0.137,0,0.013,,
KSH,1,16,MDS,74120,1,9,2,3,121,23,4,0,0,0,0.163,0,0.013,,
KSH,1,16,MDS,74120,1,10,1,3,118,26,4,0,0,0,0.128,0,0.012,,
KSH,1,16,MDS,74120,2,11,1,3,82,24,2,0,0,0,,0,,,
KSH,1,16,MDS,74120,2,12,1,3,73,31,2,0,0,0,,0,,,
KSH,1,16,MDS,74120,2,13,2,3,80,29,2,0,0,0,,0,,,
KSH,1,16,MDS,74120,2,14,2,3,82,30,2,0,0,0,,0,,,
KSH,1,16,MDS,74120,2,15,2,3,77,30,2,0,0,0,,0,,,
KSH,1,16,MDS,74120,2,16,1,3,71,26,2,0,0,0,,0,,,
KSH,1,16,MDS,74120,2,17,1,3,64,25,2,0,0,0,,0,,,
KSH,1,16,MDS,74120,2,18,0,0,53,29,1,0,0,0,,0,,,
KSH,1,16,MDS,74120,2,19,0,0,67,24,2,0,0,0,,0,,,
KSH,1,16,MDS,74120,2,20,0,0,53,23,2,0,0,0,,0,,,
KSH,1,16,MDS,74120,3,21,0,0,78,27,2,0,0,0,,0,,,
KSH,1,16,MDS,74120,3,22,0,0,143,26,6,0,0,2,,0,,,
KSH,1,16,MDS,74120,3,23,0,0,136,24,6,0,1,0,,0,,,
KSH,1,17,MDS,74120,1,5,1,3,122,26,4,0,0,0,0.148,0,0.014,0.020,
KSH,1,17,MDS,74120,1,1,2,3,112,25,4,0,0,0,0.144,0,0.012,,
KSH,1,17,MDS,74120,1,2,1,3,121,25,4,0,1,0,0.135,0,0.013,,
KSH,1,17,MDS,74120,1,3,2,3,123,29,4,0,0,0,0.123,0,0.011,,
KSH,1,17,MDS,74120,1,4,1,3,119,26,4,1,0,0,0.133,0,0.012,,
KSH,1,17,MDS,74120,1,6,1,3,148,24,6,0,0,0,0.299,0,0.023,,
KSH,1,17,MDS,74120,1,7,1,3,115,24,4,0,1,0,0.117,0,0.010,,
KSH,1,17,MDS,74120,1,8,2,3,111,31,4,0,0,0,0.146,0,0.010,,
KSH,1,17,MDS,74120,1,9,1,3,105,22,3,0,0,0,0.095,0,0.008,,
KSH,1,17,MDS,74120,1,10,1,3,122,26,4,0,1,0,0.159,0,0.012,,
KSH,1,17,MDS,74120,2,11,1,3,97,20,3,0,0,0,,0,,,
KSH,1,17,MDS,74120,2,12,2,3,97,33,3,0,0,0,,0,,,
KSH,1,17,MDS,74120,2,13,2,2,85,35,2,0,0,0,,0,,,
KSH,1,17,MDS,74120,2,14,2,2,79,34,2,0,0,0,,0,,,
KSH,1,17,MDS,74120,2,15,1,2,76,30,2,0,0,0,,0,,,
KSH,1,17,MDS,74120,2,16,2,2,80,30,2,0,0,0,,0,,,
KSH,1,17,MDS,74120,2,17,2,2,66,30,2,0,0,0,,0,,,
KSH,1,17,MDS,74120,2,18,0,0,51,21,1,0,0,0,,0,,,
KSH,1,17,MDS,74120,2,19,0,0,43,30,1,0,0,0,,0,,,
KSH,1,18,MDS,74120,1,7,1,4,173,39,21,0,1,0,0.452,0,0.033,0.014,
KSH,1,18,MDS,74120,1,1,2,3,106,23,4,0,0,0,0.096,0,0.008,,
KSH,1,18,MDS,74120,1,2,2,4,156,34,12,0,1,0,0.344,0,0.029,,
KSH,1,18,MDS,74120,1,3,1,3,145,28,8,0,1,0,0.245,0,0.022,,
KSH,1,18,MDS,74120,1,4,1,4,150,18,8,0,0,0,0.297,0,0.026,,
KSH,1,18,MDS,74120,1,5,2,4,140,24,6,0,0,0,0.253,0,0.029,,
KSH,1,18,MDS,74120,1,6,1,3,157,25,9,0,0,0,0.292,0,0.028,,
KSH,1,18,MDS,74120,1,8,1,3,141,29,7,0,1,0,0.270,0,0.024,,
KSH,1,18,MDS,74120,1,9,2,4,138,20,7,0,1,0,0.204,0,0.019,,
KSH,1,18,MDS,74120,1,10,1,3,104,26,3,0,0,0,0.096,0,0.010,,
KSH,1,18,MDS,74120,2,11,2,3,77,31,2,0,0,0,,0,,,
KSH,1,18,MDS,74120,2,12,0,0,66,25,2,0,0,0,,0,,,
KSH,1,18,MDS,74120,2,13,0,0,48,24,1,0,0,0,,0,,,
KSH,1,18,MDS,74120,2,14,0,0,41,29,1,0,0,0,,0,,,
KSH,1,18,MDS,74120,2,15,0,0,31,26,1,0,0,0,,0,,,
KSH,1,18,MDS,74120,3,21,0,0,138,25,7,0,1,0,,0,,,
KSH,1,18,MDS,74120,3,22,0,0,144,22,6,0,0,0,,0,,,
KSH,1,18,MDS,74120,3,23,0,0,120,25,5,0,0,12,,0,,,
KSH,1,18,MDS,74120,3,24,0,0,101,22,4,0,0,0,,0,,,
KSH,1,20,MDS,74120,1,1,2,3,154,28,16,0,1,0,0.324,0,0.032,,
KSH,1,20,MDS,74120,1,2,2,3,146,26,9,2,3,0,0.287,0,0.020,,
KSH,1,20,MDS,74120,1,3,2,3,149,29,10,0,0,0,0.249,0,0.020,,
KSH,1,20,MDS,74120,1,4,2,3,102,22,4,0,0,0,0.083,0,0.007,,
KSH,1,20,MDS,74120,1,5,1,3,142,24,6,0,0,0,0.263,0,0.021,,
KSH,1,20,MDS,74120,1,6,2,3,141,18,7,0,0,0,0.222,0,0.018,,
KSH,1,20,MDS,74120,1,7,1,3,163,23,14,0,1,0,0.317,0,0.024,,
KSH,1,20,MDS,74120,1,8,1,3,137,30,7,0,0,0,0.212,0,0.017,,
KSH,1,20,MDS,74120,1,9,2,3,168,34,14,0,1,0,0.473,0,0.034,,
KSH,1,20,MDS,74120,1,10,2,3,132,30,7,0,0,0,0.242,0,0.016,,
KSH,1,20,MDS,74120,2,11,0,0,59,31,2,0,0,0,,0,,,
KSH,1,20,MDS,74120,2,12,0,0,70,25,2,0,0,0,,0,,,
KSH,1,20,MDS,74120,2,13,0,0,56,28,1,0,0,0,,0,,,
KSH,1,20,MDS,74120,2,14,0,0,56,25,1,0,0,0,,0,,,
KSH,1,20,MDS,74120,2,15,0,0,48,26,1,0,0,0,,0,,,
KSH,1,20,MDS,74120,2,16,0,0,40,29,1,0,0,0,,0,,,
KSH,1,20,MDS,74120,2,17,0,0,34,30,1,0,0,0,,0,,,
KSH,1,20,MDS,74120,2,18,0,0,38,27,1,0,0,0,,0,,,
KSH,1,20,MDS,74120,2,19,0,0,24,24,1,0,0,0,,0,,,
KSH,1,20,MDS,74120,3,21,0,0,156,29,12,0,0,0,,0,,,
KSH,1,20,MDS,74120,3,22,0,0,165,32,15,0,1,0,,0,,,
KSH,1,20,MDS,74120,3,23,0,0,39,21,1,0,0,0,,0,,,
KSH,1,21,MDS,74120,1,1,1,3,149,31,12,0,0,0,0.192,0,0.022,,
KSH,1,21,MDS,74120,1,2,2,3,127,21,6,0,0,0,0.160,0,0.012,,
KSH,1,21,MDS,74120,1,3,2,3,156,27,14,0,0,0,0.315,1,0.028,,
KSH,1,21,MDS,74120,1,4,2,3,139,22,9,0,0,3,0.274,0,0.021,,
KSH,1,21,MDS,74120,1,5,2,3,134,35,6,0,0,0,0.210,0,0.018,,
KSH,1,21,MDS,74120,1,6,2,3,150,29,11,0,0,0,0.272,0,0.019,,
KSH,1,21,MDS,74120,1,7,2,3,156,24,12,0,0,0,0.309,0,0.025,,
KSH,1,21,MDS,74120,1,8,2,3,164,23,12,0,0,0,0.367,0,0.032,,
KSH,1,21,MDS,74120,1,9,2,3,160,28,14,0,0,0,0.347,0,0.027,,
KSH,1,21,MDS,74120,1,10,1,3,150,30,11,0,1,0,0.284,0,0.022,,
KSH,1,21,MDS,74120,2,11,2,3,91,28,3,0,0,0,,0,,,
KSH,1,21,MDS,74120,2,12,2,3,98,34,3,0,0,0,,0,,,
KSH,1,21,MDS,74120,2,13,0,0,36,26,1,0,0,0,,0,,,
KSH,1,21,MDS,74120,2,14,0,0,40,29,1,0,0,0,,0,,,
KSH,1,21,MDS,74120,3,21,0,0,160,34,14,0,1,0,,0,,,
KSH,1,21,MDS,74120,3,22,0,0,139,24,9,0,1,0,,0,,,
KSH,1,22,MDS,74120,1,1,2,3,159,27,11,0,0,0,0.346,0,0.031,,
KSH,1,23,MDS,74120,1,1,1,2,114,29,8,0,1,0,0.122,0,0.011,,
KSH,1,23,MDS,74120,2,11,0,0,31,24,1,0,0,0,,0,,,
KSH,1,23,MDS,74120,2,12,0,0,32,23,1,0,0,0,,0,,,
KSH,1,23,MDS,74120,3,21,0,0,165,23,22,2,1,0,,0,,,
KSH,1,1,MB,74120,1,31,,,174,,,,,0,,,,,
KSH,1,1,MB,74120,1,32,,,169,,,,,0,,,,,
KSH,1,1,MB,74120,1,33,,,168,,,,,0,,,,,
KSH,1,1,MB,74120,1,34,,,156,,,,,0,,,,,
KSH,1,1,MB,74120,1,35,,,166,,,,,0,,,,,
KSH,1,1,MB,74120,1,36,,,162,,,,,0,,,,,
KSH,1,1,MB,74120,1,37,,,161,,,,,0,,,,,
KSH,1,1,MB,74120,1,38,,,156,,,,,0,,,,,
KSH,1,1,MB,74120,1,39,,,171,,,,,0,,,,,
KSH,1,1,MB,74120,1,40,,,167,,,,,0,,,,,
KSH,1,1,MB,74120,1,41,,,164,,,,,0,,,,,
KSH,1,1,MB,74120,1,42,,,166,,,,,0,,,,,
KSH,1,1,MB,74120,1,43,,,178,,,,,0,,,,,
KSH,1,1,MB,74120,1,44,,,162,,,,,0,,,,,
KSH,1,1,MB,74120,1,45,,,168,,,,,0,,,,,
KSH,1,1,MB,74120,1,46,,,165,,,,,0,,,,,
KSH,1,1,MB,74120,1,47,,,135,,,,,0,,,,,
KSH,1,1,MB,74120,1,48,,,171,,,,,1,,,,,
KSH,1,1,MB,74120,1,49,,,98,,,,,0,,,,,
KSH,1,1,MB,74120,1,50,,,100,,,,,0,,,,,
KSH,1,1,MB,74120,1,51,,,158,,,,,0,,,,,
KSH,1,2,MB,74120,1,31,,,176,,,,,0,,,,,
KSH,1,2,MB,74120,1,32,,,174,,,,,0,,,,,
KSH,1,2,MB,74120,1,33,,,168,,,,,0,,,,,
KSH,1,2,MB,74120,1,34,,,163,,,,,0,,,,,
KSH,1,2,MB,74120,1,35,,,161,,,,,0,,,,,
KSH,1,2,MB,74120,1,36,,,178,,,,,0,,,,,
KSH,1,2,MB,74120,1,37,,,172,,,,,0,,,,,
KSH,1,2,MB,74120,1,38,,,156,,,,,0,,,,,
KSH,1,2,MB,74120,1,39,,,173,,,,,0,,,,,
KSH,1,2,MB,74120,1,40,,,168,,,,,0,,,,,
KSH,1,2,MB,74120,1,41,,,181,,,,,0,,,,,
KSH,1,2,MB,74120,1,42,,,132,,,,,0,,,,,
KSH,1,2,MB,74120,1,43,,,131,,,,,0,,,,,
KSH,1,2,MB,74120,1,44,,,161,,,,,0,,,,,
KSH,1,2,MB,74120,1,45,,,155,,,,,0,,,,,
KSH,1,2,MB,74120,1,46,,,154,,,,,0,,,,,
KSH,1,2,MB,74120,1,47,,,163,,,,,0,,,,,
KSH,1,2,MB,74120,1,48,,,162,,,,,0,,,,,
KSH,1,2,MB,74120,1,49,,,159,,,,,0,,,,,
KSH,1,2,MB,74120,1,50,,,162,,,,,0,,,,,
KSH,1,2,MB,74120,1,51,,,165,,,,,0,,,,,
KSH,1,2,MB,74120,1,52,,,138,,,,,0,,,,,
KSH,1,2,MB,74120,1,53,,,151,,,,,0,,,,,
KSH,1,2,MB,74120,1,54,,,166,,,,,45,,,,,
KSH,1,2,MB,74120,1,55,,,160,,,,,45,,,,,
KSH,1,2,MB,74120,1,56,,,160,,,,,5,,,,,
KSH,1,2,MB,74120,1,57,,,141,,,,,5,,,,,
KSH,1,2,MB,74120,1,58,,,170,,,,,1,,,,,
KSH,1,3,MB,74120,1,31,,,172,,,,,0,,,,,
KSH,1,3,MB,74120,1,32,,,159,,,,,0,,,,,
KSH,1,3,MB,74120,1,33,,,148,,,,,0,,,,,
KSH,1,3,MB,74120,1,34,,,165,,,,,5,,,,,
KSH,1,3,MB,74120,1,35,,,134,,,,,5,,,,,
KSH,1,3,MB,74120,1,36,,,129,,,,,5,,,,,
KSH,1,3,MB,74120,1,37,,,130,,,,,5,,,,,
KSH,1,5,MB,74120,2,61,,,74,,,,,0,,,,,
KSH,1,5,MB,74120,2,62,,,60,,,,,0,,,,,
KSH,1,5,MB,74120,2,63,,,59,,,,,0,,,,,
KSH,1,5,MB,74120,2,64,,,67,,,,,0,,,,,
KSH,1,5,MB,74120,2,65,,,63,,,,,0,,,,,
KSH,1,5,MB,74120,2,66,,,62,,,,,0,,,,,
KSH,1,5,MB,74120,2,67,,,62,,,,,0,,,,,
KSH,1,5,MB,74120,2,68,,,67,,,,,0,,,,,
KSH,1,5,MB,74120,2,69,,,67,,,,,0,,,,,
KSH,1,5,MB,74120,2,70,,,69,,,,,0,,,,,
KSH,1,5,MB,74120,2,71,,,65,,,,,0,,,,,
KSH,1,5,MB,74120,2,72,,,61,,,,,0,,,,,
KSH,1,5,MB,74120,2,73,,,69,,,,,0,,,,,
KSH,1,5,MB,74120,2,74,,,67,,,,,0,,,,,
KSH,1,5,MB,74120,2,75,,,62,,,,,0,,,,,
KSH,1,5,MB,74120,2,76,,,72,,,,,0,,,,,
KSH,1,5,MB,74120,2,77,,,69,,,,,0,,,,,
KSH,1,5,MB,74120,2,78,,,49,,,,,0,,,,,
KSH,1,5,MB,74120,2,79,,,23,,,,,0,,,,,
KSH,1,5,MB,74120,2,80,,,58,,,,,0,,,,,
KSH,1,5,MB,74120,2,81,,,21,,,,,0,,,,,
KSH,1,5,MB,74120,2,82,,,23,,,,,0,,,,,
KSH,1,5,MB,74120,2,83,,,23,,,,,0,,,,,
KSH,1,5,MB,74120,2,84,,,20,,,,,0,,,,,
KSH,1,5,MB,74120,2,85,,,23,,,,,0,,,,,
KSH,1,5,MB,74120,2,86,,,21,,,,,0,,,,,
KSH,1,5,MB,74120,2,87,,,21,,,,,0,,,,,
KSH,1,5,MB,74120,2,88,,,21,,,,,0,,,,,
KSH,1,5,MB,74120,2,89,,,25,,,,,0,,,,,
KSH,1,5,MB,74120,2,90,,,21,,,,,0,,,,,
KSH,1,6,MB,74120,1,31,,,142,,,,,0,,,,,
KSH,1,6,MB,74120,1,32,,,187,,,,,0,,,,,
KSH,1,6,MB,74120,1,33,,,159,,,,,0,,,,,
KSH,1,6,MB,74120,1,34,,,152,,,,,0,,,,,
KSH,1,6,MB,74120,1,35,,,170,,,,,0,,,,,
KSH,1,6,MB,74120,1,36,,,127,,,,,0,,,,,
KSH,1,6,MB,74120,1,37,,,136,,,,,0,,,,,
KSH,1,6,MB,74120,1,38,,,117,,,,,0,,,,,
KSH,1,6,MB,74120,1,39,,,139,,,,,0,,,,,
KSH,1,6,MB,74120,1,40,,,153,,,,,0,,,,,
KSH,1,6,MB,74120,1,41,,,175,,,,,0,,,,,
KSH,1,6,MB,74120,1,42,,,144,,,,,0,,,,,
KSH,1,6,MB,74120,1,43,,,156,,,,,0,,,,,
KSH,1,6,MB,74120,1,44,,,116,,,,,0,,,,,
KSH,1,6,MB,74120,1,45,,,140,,,,,0,,,,,
KSH,1,6,MB,74120,1,46,,,144,,,,,0,,,,,
KSH,1,6,MB,74120,1,47,,,163,,,,,0,,,,,
KSH,1,6,MB,74120,1,48,,,108,,,,,5,,,,,
KSH,1,6,MB,74120,1,49,,,115,,,,,0,,,,,
KSH,1,6,MB,74120,2,61,,,45,,,,,0,,,,,
KSH,1,6,MB,74120,2,62,,,49,,,,,0,,,,,
KSH,1,6,MB,74120,2,63,,,49,,,,,0,,,,,
KSH,1,6,MB,74120,2,64,,,51,,,,,0,,,,,
KSH,1,6,MB,74120,2,65,,,44,,,,,0,,,,,
KSH,1,6,MB,74120,2,66,,,48,,,,,1,,,,,
KSH,1,8,MB,74120,2,61,,,90,,,,,0,,,,,
KSH,1,8,MB,74120,2,62,,,56,,,,,0,,,,,
KSH,1,8,MB,74120,2,63,,,59,,,,,0,,,,,
KSH,1,8,MB,74120,2,64,,,39,,,,,0,,,,,
KSH,1,8,MB,74120,1,31,,,157,,,,,0,,,,,
KSH,1,8,MB,74120,1,32,,,183,,,,,0,,,,,
KSH,1,8,MB,74120,1,33,,,162,,,,,0,,,,,
KSH,1,8,MB,74120,1,34,,,171,,,,,0,,,,,
KSH,1,8,MB,74120,1,35,,,134,,,,,0,,,,,
KSH,1,8,MB,74120,1,36,,,160,,,,,0,,,,,
KSH,1,8,MB,74120,1,37,,,136,,,,,0,,,,,
KSH,1,8,MB,74120,1,38,,,104,,,,,0,,,,,
KSH,1,8,MB,74120,1,39,,,129,,,,,0,,,,,
KSH,1,8,MB,74120,1,40,,,146,,,,,0,,,,,
KSH,1,8,MB,74120,1,41,,,157,,,,,0,,,,,
KSH,1,8,MB,74120,1,42,,,150,,,,,0,,,,,
KSH,1,8,MB,74120,1,43,,,158,,,,,0,,,,,
KSH,1,8,MB,74120,1,44,,,142,,,,,0,,,,,
KSH,1,8,MB,74120,1,45,,,114,,,,,0,,,,,
KSH,1,8,MB,74120,1,46,,,156,,,,,0,,,,,
KSH,1,8,MB,74120,1,47,,,162,,,,,0,,,,,
KSH,1,8,MB,74120,1,48,,,159,,,,,0,,,,,
KSH,1,8,MB,74120,1,49,,,163,,,,,0,,,,,
KSH,1,8,MB,74120,1,50,,,154,,,,,0,,,,,
KSH,1,8,MB,74120,1,51,,,156,,,,,0,,,,,
KSH,1,8,MB,74120,1,52,,,152,,,,,0,,,,,
KSH,1,8,MB,74120,1,53,,,103,,,,,0,,,,,
KSH,1,8,MB,74120,1,54,,,107,,,,,0,,,,,
KSH,1,8,MB,74120,1,55,,,108,,,,,0,,,,,
KSH,1,8,MB,74120,1,56,,,111,,,,,0,,,,,
KSH,1,8,MB,74120,1,57,,,103,,,,,0,,,,,
KSH,1,8,MB,74120,1,58,,,166,,,,,1,,,,,
KSH,1,8,MB,74120,1,59,,,158,,,,,1,,,,,
KSH,1,9,MB,74120,1,31,,,140,,,,,0,,,,,
KSH,1,9,MB,74120,1,32,,,166,,,,,0,,,,,
KSH,1,9,MB,74120,1,33,,,165,,,,,0,,,,,
KSH,1,9,MB,74120,1,34,,,141,,,,,0,,,,,
KSH,1,9,MB,74120,1,35,,,162,,,,,0,,,,,
KSH,1,9,MB,74120,1,36,,,155,,,,,0,,,,,
KSH,1,9,MB,74120,1,37,,,161,,,,,0,,,,,
KSH,1,9,MB,74120,1,38,,,164,,,,,0,,,,,
KSH,1,9,MB,74120,1,39,,,132,,,,,0,,,,,
KSH,1,9,MB,74120,1,40,,,158,,,,,0,,,,,
KSH,1,9,MB,74120,1,41,,,115,,,,,0,,,,,
KSH,1,9,MB,74120,1,42,,,111,,,,,0,,,,,
KSH,1,9,MB,74120,1,43,,,111,,,,,0,,,,,
KSH,1,9,MB,74120,1,44,,,106,,,,,0,,,,,
KSH,1,9,MB,74120,1,45,,,148,,,,,0,,,,,
KSH,1,9,MB,74120,1,46,,,137,,,,,0,,,,,
KSH,1,9,MB,74120,1,47,,,164,,,,,0,,,,,
KSH,1,9,MB,74120,1,48,,,111,,,,,0,,,,,
KSH,1,9,MB,74120,1,49,,,128,,,,,0,,,,,
KSH,1,9,MB,74120,1,50,,,105,,,,,0,,,,,
KSH,1,9,MB,74120,1,51,,,142,,,,,0,,,,,
KSH,1,9,MB,74120,1,52,,,167,,,,,0,,,,,
KSH,1,9,MB,74120,1,53,,,110,,,,,0,,,,,
KSH,1,9,MB,74120,1,54,,,109,,,,,0,,,,,
KSH,1,9,MB,74120,1,55,,,153,,,,,0,,,,,
KSH,1,9,MB,74120,1,56,,,176,,,,,0,,,,,
KSH,1,9,MB,74120,1,57,,,147,,,,,0,,,,,
KSH,1,9,MB,74120,1,58,,,146,,,,,0,,,,,
KSH,1,9,MB,74120,1,59,,,147,,,,,0,,,,,
KSH,1,9,MB,74120,1,60,,,154,,,,,1,,,,,
KSH,1,9,MB,74120,2,61,,,103,,,,,0,,,,,
KSH,1,9,MB,74120,2,62,,,64,,,,,0,,,,,
KSH,1,9,MB,74120,2,63,,,43,,,,,0,,,,,
KSH,1,9,MB,74120,2,64,,,56,,,,,0,,,,,
KSH,1,9,MB,74120,2,65,,,76,,,,,0,,,,,
KSH,1,9,MB,74120,2,66,,,46,,,,,0,,,,,
KSH,1,9,MB,74120,2,67,,,13,,,,,0,,,,,
KSH,1,14,MB,74120,2,61,,,25,,,,,0,,,,,
KSH,1,14,MB,74120,2,62,,,68,,,,,0,,,,,
KSH,1,14,MB,74120,2,63,,,66,,,,,0,,,,,
KSH,1,14,MB,74120,2,64,,,71,,,,,0,,,,,
KSH,1,14,MB,74120,2,65,,,74,,,,,0,,,,,
KSH,1,14,MB,74120,2,66,,,27,,,,,0,,,,,
KSH,1,14,MB,74120,2,67,,,25,,,,,0,,,,,
KSH,1,14,MB,74120,2,68,,,76,,,,,0,,,,,
KSH,1,14,MB,74120,2,69,,,24,,,,,0,,,,,
KSH,1,14,MB,74120,2,70,,,26,,,,,0,,,,,
KSH,1,14,MB,74120,2,71,,,23,,,,,0,,,,,
KSH,1,14,MB,74120,2,72,,,25,,,,,0,,,,,
KSH,1,14,MB,74120,2,73,,,27,,,,,0,,,,,
KSH,1,14,MB,74120,2,74,,,27,,,,,0,,,,,
KSH,1,14,MB,74120,2,75,,,20,,,,,0,,,,,
KSH,1,14,MB,74120,2,76,,,26,,,,,0,,,,,
KSH,1,14,MB,74120,2,77,,,22,,,,,0,,,,,
KSH,1,14,MB,74120,2,78,,,28,,,,,0,,,,,
KSH,1,14,MB,74120,2,79,,,23,,,,,0,,,,,
KSH,1,14,MB,74120,2,80,,,21,,,,,0,,,,,
KSH,1,14,MB,74120,2,81,,,66,,,,,0,,,,,
KSH,1,14,MB,74120,2,82,,,26,,,,,0,,,,,
KSH,1,14,MB,74120,2,83,,,23,,,,,0,,,,,
KSH,1,14,MB,74120,2,84,,,25,,,,,0,,,,,
KSH,1,14,MB,74120,2,85,,,24,,,,,0,,,,,
KSH,1,14,MB,74120,2,86,,,27,,,,,0,,,,,
KSH,1,14,MB,74120,2,87,,,27,,,,,0,,,,,
KSH,1,14,MB,74120,2,88,,,26,,,,,0,,,,,
KSH,1,14,MB,74120,2,89,,,23,,,,,0,,,,,
KSH,1,15,MB,74120,2,61,,,66,,,,,0,,,,,
KSH,1,15,MB,74120,2,62,,,101,,,,,0,,,,,
KSH,1,15,MB,74120,2,63,,,95,,,,,0,,,,,
KSH,1,15,MB,74120,2,64,,,63,,,,,0,,,,,
KSH,1,15,MB,74120,2,65,,,99,,,,,0,,,,,
KSH,1,15,MB,74120,2,66,,,20,,,,,0,,,,,
KSH,1,15,MB,74120,2,67,,,89,,,,,0,,,,,
KSH,1,15,MB,74120,2,68,,,67,,,,,0,,,,,
KSH,1,15,MB,74120,2,69,,,72,,,,,0,,,,,
KSH,1,15,MB,74120,2,70,,,68,,,,,0,,,,,
KSH,1,15,MB,74120,2,71,,,67,,,,,0,,,,,
KSH,1,15,MB,74120,2,72,,,63,,,,,0,,,,,
KSH,1,15,MB,74120,2,73,,,90,,,,,0,,,,,
KSH,1,15,MB,74120,2,74,,,39,,,,,0,,,,,
KSH,1,15,MB,74120,2,75,,,44,,,,,0,,,,,
KSH,1,15,MB,74120,2,76,,,22,,,,,0,,,,,
KSH,1,15,MB,74120,2,77,,,23,,,,,0,,,,,
KSH,1,15,MB,74120,2,78,,,24,,,,,0,,,,,
KSH,1,15,MB,74120,2,79,,,22,,,,,0,,,,,
KSH,1,15,MB,74120,2,80,,,21,,,,,0,,,,,
KSH,1,15,MB,74120,2,81,,,19,,,,,0,,,,,
KSH,1,15,MB,74120,2,82,,,22,,,,,0,,,,,
KSH,1,15,MB,74120,2,83,,,21,,,,,0,,,,,
KSH,1,15,MB,74120,2,84,,,24,,,,,0,,,,,
KSH,1,15,MB,74120,2,85,,,22,,,,,0,,,,,
KSH,1,15,MB,74120,2,86,,,23,,,,,0,,,,,
KSH,1,15,MB,74120,2,87,,,20,,,,,0,,,,,
KSH,1,15,MB,74120,2,88,,,22,,,,,0,,,,,
KSH,1,15,MB,74120,2,89,,,27,,,,,0,,,,,
KSH,1,15,MB,74120,2,90,,,23,,,,,0,,,,,
KSH,1,16,MB,74120,1,31,,,117,,,,,0,,,,,
KSH,1,16,MB,74120,1,32,,,139,,,,,0,,,,,
KSH,1,16,MB,74120,1,33,,,156,,,,,0,,,,,
KSH,1,16,MB,74120,1,34,,,160,,,,,0,,,,,
KSH,1,16,MB,74120,1,35,,,150,,,,,0,,,,,
KSH,1,16,MB,74120,1,36,,,139,,,,,0,,,,,
KSH,1,16,MB,74120,1,37,,,116,,,,,0,,,,,
KSH,1,16,MB,74120,1,38,,,121,,,,,0,,,,,
KSH,1,16,MB,74120,1,39,,,137,,,,,0,,,,,
KSH,1,16,MB,74120,1,40,,,162,,,,,0,,,,,
KSH,1,16,MB,74120,1,41,,,119,,,,,0,,,,,
KSH,1,16,MB,74120,1,42,,,116,,,,,0,,,,,
KSH,1,16,MB,74120,1,43,,,110,,,,,0,,,,,
KSH,1,16,MB,74120,1,44,,,116,,,,,0,,,,,
KSH,1,16,MB,74120,1,45,,,163,,,,,0,,,,,
KSH,1,16,MB,74120,1,46,,,116,,,,,0,,,,,
KSH,1,16,MB,74120,1,47,,,156,,,,,0,,,,,
KSH,1,16,MB,74120,1,48,,,110,,,,,0,,,,,
KSH,1,16,MB,74120,1,49,,,147,,,,,0,,,,,
KSH,1,16,MB,74120,1,50,,,115,,,,,0,,,,,
KSH,1,16,MB,74120,1,51,,,151,,,,,0,,,,,
KSH,1,16,MB,74120,1,52,,,114,,,,,0,,,,,
KSH,1,16,MB,74120,1,53,,,116,,,,,0,,,,,
KSH,1,16,MB,74120,1,54,,,157,,,,,0,,,,,
KSH,1,16,MB,74120,1,55,,,120,,,,,0,,,,,
KSH,1,16,MB,74120,1,56,,,124,,,,,0,,,,,
KSH,1,16,MB,74120,1,57,,,135,,,,,0,,,,,
KSH,1,16,MB,74120,1,58,,,117,,,,,0,,,,,
KSH,1,16,MB,74120,1,59,,,112,,,,,0,,,,,
KSH,1,16,MB,74120,1,60,,,119,,,,,0,,,,,
KSH,1,16,MB,74120,2,61,,,55,,,,,0,,,,,
KSH,1,16,MB,74120,2,62,,,64,,,,,0,,,,,
KSH,1,16,MB,74120,2,63,,,85,,,,,0,,,,,
KSH,1,16,MB,74120,2,64,,,56,,,,,0,,,,,
KSH,1,16,MB,74120,2,65,,,79,,,,,0,,,,,
KSH,1,16,MB,74120,2,66,,,74,,,,,0,,,,,
KSH,1,16,MB,74120,2,67,,,70,,,,,0,,,,,
KSH,1,16,MB,74120,2,68,,,88,,,,,0,,,,,
KSH,1,16,MB,74120,2,69,,,85,,,,,0,,,,,
KSH,1,16,MB,74120,2,70,,,72,,,,,0,,,,,
KSH,1,16,MB,74120,2,71,,,79,,,,,0,,,,,
KSH,1,16,MB,74120,2,72,,,49,,,,,0,,,,,
KSH,1,16,MB,74120,2,73,,,52,,,,,0,,,,,
KSH,1,16,MB,74120,2,74,,,81,,,,,0,,,,,
KSH,1,16,MB,74120,2,75,,,85,,,,,0,,,,,
KSH,1,16,MB,74120,2,76,,,51,,,,,0,,,,,
KSH,1,16,MB,74120,2,77,,,69,,,,,0,,,,,
KSH,1,16,MB,74120,2,78,,,76,,,,,1,,,,,
KSH,1,17,MB,74120,2,61,,,78,,,,,0,,,,,
KSH,1,17,MB,74120,2,62,,,86,,,,,0,,,,,
KSH,1,17,MB,74120,2,63,,,48,,,,,0,,,,,
KSH,1,17,MB,74120,2,64,,,54,,,,,0,,,,,
KSH,1,17,MB,74120,2,65,,,66,,,,,0,,,,,
KSH,1,17,MB,74120,2,66,,,77,,,,,0,,,,,
KSH,1,17,MB,74120,2,67,,,74,,,,,0,,,,,
KSH,1,17,MB,74120,2,68,,,52,,,,,0,,,,,
KSH,1,17,MB,74120,2,69,,,56,,,,,0,,,,,
KSH,1,17,MB,74120,2,70,,,52,,,,,0,,,,,
KSH,1,17,MB,74120,2,71,,,82,,,,,0,,,,,
KSH,1,17,MB,74120,2,72,,,99,,,,,0,,,,,
KSH,1,17,MB,74120,2,73,,,37,,,,,0,,,,,
KSH,1,17,MB,74120,2,74,,,16,,,,,0,,,,,
KSH,1,17,MB,74120,2,75,,,17,,,,,0,,,,,
KSH,1,17,MB,74120,2,76,,,75,,,,,0,,,,,
KSH,1,17,MB,74120,2,77,,,87,,,,,0,,,,,
KSH,1,17,MB,74120,2,78,,,83,,,,,0,,,,,
KSH,1,17,MB,74120,2,79,,,57,,,,,0,,,,,
KSH,1,17,MB,74120,2,80,,,50,,,,,0,,,,,
KSH,1,17,MB,74120,2,81,,,43,,,,,0,,,,,
KSH,1,17,MB,74120,1,31,,,111,,,,,5,,,,,
KSH,1,17,MB,74120,1,32,,,149,,,,,0,,,,,
KSH,1,17,MB,74120,1,33,,,122,,,,,0,,,,,
KSH,1,17,MB,74120,1,34,,,140,,,,,0,,,,,
KSH,1,17,MB,74120,1,35,,,121,,,,,0,,,,,
KSH,1,17,MB,74120,1,36,,,128,,,,,0,,,,,
KSH,1,17,MB,74120,1,37,,,118,,,,,0,,,,,
KSH,1,17,MB,74120,1,38,,,120,,,,,0,,,,,
KSH,1,17,MB,74120,1,39,,,114,,,,,0,,,,,
KSH,1,17,MB,74120,1,40,,,115,,,,,0,,,,,
KSH,1,17,MB,74120,1,41,,,136,,,,,0,,,,,
KSH,1,17,MB,74120,1,42,,,121,,,,,0,,,,,
KSH,1,17,MB,74120,1,43,,,156,,,,,0,,,,,
KSH,1,17,MB,74120,1,44,,,120,,,,,0,,,,,
KSH,1,17,MB,74120,1,45,,,124,,,,,0,,,,,
KSH,1,17,MB,74120,1,46,,,121,,,,,0,,,,,
KSH,1,17,MB,74120,1,47,,,171,,,,,0,,,,,
KSH,1,17,MB,74120,1,48,,,156,,,,,0,,,,,
KSH,1,17,MB,74120,1,49,,,117,,,,,0,,,,,
KSH,1,17,MB,74120,1,50,,,161,,,,,0,,,,,
KSH,1,17,MB,74120,1,51,,,126,,,,,0,,,,,
KSH,1,17,MB,74120,1,52,,,116,,,,,0,,,,,
KSH,1,17,MB,74120,1,53,,,118,,,,,0,,,,,
KSH,1,17,MB,74120,1,54,,,114,,,,,0,,,,,
KSH,1,17,MB,74120,1,55,,,83,,,,,0,,,,,
KSH,1,17,MB,74120,1,56,,,121,,,,,0,,,,,
KSH,1,17,MB,74120,1,57,,,109,,,,,0,,,,,
KSH,1,17,MB,74120,1,58,,,155,,,,,0,,,,,
KSH,1,17,MB,74120,1,59,,,120,,,,,0,,,,,
KSH,1,17,MB,74120,1,60,,,151,,,,,0,,,,,
KSH,1,18,MB,74120,1,31,,,170,,,,,0,,,,,
KSH,1,18,MB,74120,1,32,,,152,,,,,0,,,,,
KSH,1,18,MB,74120,1,33,,,166,,,,,0,,,,,
KSH,1,18,MB,74120,1,34,,,173,,,,,0,,,,,
KSH,1,18,MB,74120,1,35,,,168,,,,,0,,,,,
KSH,1,18,MB,74120,1,36,,,156,,,,,0,,,,,
KSH,1,18,MB,74120,1,37,,,148,,,,,0,,,,,
KSH,1,18,MB,74120,1,38,,,152,,,,,0,,,,,
KSH,1,18,MB,74120,1,39,,,179,,,,,0,,,,,
KSH,1,18,MB,74120,1,40,,,114,,,,,0,,,,,
KSH,1,18,MB,74120,1,41,,,112,,,,,0,,,,,
KSH,1,18,MB,74120,1,42,,,162,,,,,0,,,,,
KSH,1,18,MB,74120,1,43,,,162,,,,,0,,,,,
KSH,1,18,MB,74120,1,44,,,150,,,,,0,,,,,
KSH,1,18,MB,74120,1,45,,,152,,,,,0,,,,,
KSH,1,18,MB,74120,1,46,,,154,,,,,0,,,,,
KSH,1,18,MB,74120,1,47,,,121,,,,,0,,,,,
KSH,1,18,MB,74120,1,48,,,145,,,,,0,,,,,
KSH,1,18,MB,74120,1,49,,,116,,,,,0,,,,,
KSH,1,18,MB,74120,1,50,,,161,,,,,0,,,,,
KSH,1,18,MB,74120,1,51,,,157,,,,,0,,,,,
KSH,1,18,MB,74120,1,52,,,143,,,,,0,,,,,
KSH,1,18,MB,74120,1,53,,,153,,,,,0,,,,,
KSH,1,18,MB,74120,1,54,,,106,,,,,0,,,,,
KSH,1,18,MB,74120,1,55,,,145,,,,,1,,,,,
KSH,1,18,MB,74120,1,56,,,103,,,,,1,,,,,
KSH,1,18,MB,74120,1,57,,,160,,,,,5,,,,,
KSH,1,20,MB,74120,2,61,,,69,,,,,0,,,,,
KSH,1,20,MB,74120,2,62,,,60,,,,,0,,,,,
KSH,1,20,MB,74120,1,31,,,172,,,,,0,,,,,
KSH,1,20,MB,74120,1,32,,,142,,,,,0,,,,,
KSH,1,20,MB,74120,1,33,,,168,,,,,0,,,,,
KSH,1,20,MB,74120,1,34,,,172,,,,,3,,,,,
KSH,1,20,MB,74120,1,35,,,163,,,,,0,,,,,
KSH,1,20,MB,74120,1,36,,,166,,,,,0,,,,,
KSH,1,20,MB,74120,1,37,,,170,,,,,0,,,,,
KSH,1,20,MB,74120,1,38,,,144,,,,,0,,,,,
KSH,1,20,MB,74120,1,39,,,154,,,,,0,,,,,
KSH,1,20,MB,74120,1,40,,,149,,,,,0,,,,,
KSH,1,20,MB,74120,1,41,,,150,,,,,0,,,,,
KSH,1,20,MB,74120,1,42,,,157,,,,,0,,,,,
KSH,1,20,MB,74120,1,43,,,137,,,,,0,,,,,
KSH,1,20,MB,74120,1,44,,,166,,,,,0,,,,,
KSH,1,20,MB,74120,1,45,,,169,,,,,0,,,,,
KSH,1,20,MB,74120,1,46,,,130,,,,,0,,,,,
KSH,1,20,MB,74120,1,47,,,164,,,,,0,,,,,
KSH,1,20,MB,74120,1,48,,,113,,,,,0,,,,,
KSH,1,20,MB,74120,1,49,,,178,,,,,0,,,,,
KSH,1,20,MB,74120,1,50,,,157,,,,,0,,,,,
KSH,1,20,MB,74120,1,51,,,148,,,,,0,,,,,
KSH,1,20,MB,74120,1,52,,,163,,,,,0,,,,,
KSH,1,20,MB,74120,1,53,,,160,,,,,0,,,,,
KSH,1,20,MB,74120,1,54,,,154,,,,,0,,,,,
KSH,1,20,MB,74120,1,55,,,156,,,,,0,,,,,
KSH,1,20,MB,74120,1,56,,,142,,,,,0,,,,,
KSH,1,20,MB,74120,1,57,,,174,,,,,0,,,,,
KSH,1,20,MB,74120,1,58,,,110,,,,,0,,,,,
KSH,1,21,MB,74120,1,31,,,145,,,,,5,,,,,
KSH,1,21,MB,74120,1,32,,,144,,,,,5,,,,,
KSH,1,21,MB,74120,1,33,,,158,,,,,0,,,,,
KSH,1,21,MB,74120,1,34,,,159,,,,,0,,,,,
KSH,1,21,MB,74120,1,35,,,150,,,,,0,,,,,
KSH,1,21,MB,74120,1,36,,,168,,,,,0,,,,,
KSH,1,21,MB,74120,1,37,,,172,,,,,0,,,,,
KSH,1,21,MB,74120,1,38,,,156,,,,,0,,,,,
KSH,1,21,MB,74120,1,39,,,172,,,,,0,,,,,
KSH,1,21,MB,74120,1,40,,,,,,,,0,,,,,
KSH,1,21,MB,74120,1,41,,,156,,,,,0,,,,,
KSH,1,21,MB,74120,1,42,,,132,,,,,0,,,,,
KSH,1,21,MB,74120,1,43,,,101,,,,,0,,,,,
KSH,1,21,MB,74120,1,44,,,179,,,,,0,,,,,
KSH,1,21,MB,74120,1,45,,,164,,,,,0,,,,,
KSH,1,21,MB,74120,1,46,,,162,,,,,0,,,,,
KSH,1,21,MB,74120,1,47,,,163,,,,,0,,,,,
KSH,1,21,MB,74120,1,48,,,168,,,,,0,,,,,
KSH,1,21,MB,74120,1,49,,,159,,,,,0,,,,,
KSH,1,21,MB,74120,1,50,,,172,,,,,0,,,,,
KSH,1,21,MB,74120,1,51,,,157,,,,,0,,,,,
KSH,1,21,MB,74120,1,52,,,147,,,,,0,,,,,
KSH,1,21,MB,74120,1,53,,,147,,,,,0,,,,,
KSH,1,21,MB,74120,1,54,,,149,,,,,0,,,,,
KSH,1,21,MB,74120,1,55,,,163,,,,,0,,,,,
KSH,1,21,MB,74120,1,56,,,160,,,,,0,,,,,
KSH,1,21,MB,74120,1,57,,,126,,,,,0,,,,,
KSH,1,21,MB,74120,1,58,,,167,,,,,0,,,,,
KSH,1,21,MB,74120,1,59,,,135,,,,,0,,,,,
KSH,1,21,MB,74120,1,60,,,139,,,,,1,,,,,
