CATCH_COMP_ID,EVENT_ID,RACE_CODE,SPECIES_NAME_FIELD,COMMON_NAME,SCIENTIFIC_NAME,SCAL_SIZE_CLASS,CONDITION_CODE_RII,COUNT,SAMPLE_WT_KG,SAMPLE_TYPE,SAMPLER,BASKET_ID
19826,2016D02001,74120,Weathervane scallop,"scallop, weathervane",Patinopecten caurinus,1,1,10,1.5,1,"QTS, MDS, JDM, STS",AA
19827,2016D02001,74120,Weathervane scallop,"scallop, weathervane",Patinopecten caurinus,1,1,6,1.09,1,"QTS, MDS, JDM, STS",ZZ
19828,2016D02001,74120,Weathervane scallop,"scallop, weathervane",Patinopecten caurinus,2,1,2,0.01,1,"QTS, MDS, JDM, STS",PP
19829,2016D02001,99997,Unsorted catch and debris,unsorted catch and debris,,,,,21.56,1,"QTS, MDS, JDM, STS",
19830,2016D02001,80160,Sunflower sea star,sunflower sea star,Pycnopodia helianthoides,,,1,0.42,1,"QTS, MDS, JDM, STS",
19831,2016D02001,99997,Unsorted catch and debris,unsorted catch and debris,,,,,17.44,1,"QTS, MDS, JDM, STS",
19832,2016D02001,99997,Unsorted catch and debris,unsorted catch and debris,,,,,11.58,1,"QTS, MDS, JDM, STS",
19833,2016D02001,99997,Unsorted catch and debris,unsorted catch and debris,,,,,24,1,"QTS, MDS, JDM, STS",
19834,2016D02001,10130,Flathead sole,"sole, flathead",Hippoglossoides elassodon,,,3,1.32,1,"QTS, MDS, JDM, STS",
19835,2016D02001,99997,Unsorted catch and debris,unsorted catch and debris,,,,,3.3,1,"QTS, MDS, JDM, STS",
19836,2016D02001,435,Bering skate,Sandpaper Skate,Bathyraja interrupta,,,2,4.06,1,"QTS, MDS, JDM, STS",
19837,2016D02001,66120,Sidestripe shrimp,"shrimp, sidestriped",Pandalopsis dispar,,,3,0.05,1,"QTS, MDS, JDM, STS",
19838,2016D02001,66031,Pink shrimp,"shrimp, northern (pink)",Pandalus borealis,,,1,0.04,1,"QTS, MDS, JDM, STS",
19839,2016D02002,74120,Weathervane scallop,"scallop, weathervane",Patinopecten caurinus,1,1,1,0.22,1,"QTS, MDS, JDM, STS",XX
19840,2016D02002,99997,Unsorted catch and debris,unsorted catch and debris,,,,,17.64,1,"QTS, MDS, JDM, STS",
19841,2016D02002,23010,Eulachon,"smelt, eulachon",Thaleichthys pacificus,,,1,0.04,1,"QTS, MDS, JDM, STS",
19842,2016D02002,99997,Unsorted catch and debris,unsorted catch and debris,,,,,22.92,1,"QTS, MDS, JDM, STS",
19843,2016D02002,74120,Empty shells,"scallop, weathervane",Patinopecten caurinus,,99,,0.07,1,"QTS, MDS, JDM, STS",
19844,2016D02003,74120,Weathervane scallop,"scallop, weathervane",Patinopecten caurinus,1,1,43,7.42,1,"QTS, MDS, JDM, STS",M
19845,2016D02003,74120,Weathervane scallop,"scallop, weathervane",Patinopecten caurinus,1,1,10,1.7,1,"QTS, MDS, JDM, STS",OO
19846,2016D02003,74120,Weathervane scallop,"scallop, weathervane",Patinopecten caurinus,1,1,3,0.47,1,"QTS, MDS, JDM, STS",
19847,2016D02003,99997,Unsorted catch and debris,unsorted catch and debris,,,,,27.58,1,"QTS, MDS, JDM, STS",
19848,2016D02003,80160,Sunflower sea star,sunflower sea star,Pycnopodia helianthoides,,,1,1.12,1,"QTS, MDS, JDM, STS",
19849,2016D02003,10110,Arrowtooth flounder,"flounder, arrowtooth",Reinhardtius stomias,,,2,1.86,1,"QTS, MDS, JDM, STS",
19850,2016D02003,23010,Eulachon,"smelt, eulachon",Thaleichthys pacificus,,,1,0.06,1,"QTS, MDS, JDM, STS",
19851,2016D02003,420,Big skate,"skate, big",Raja binoculata,,,1,0.17,1,"QTS, MDS, JDM, STS",
19852,2016D02003,66120,Sidestripe shrimp,"shrimp, sidestriped",Pandalopsis dispar,,,3,0.06,1,"QTS, MDS, JDM, STS",
19853,2016D02003,68560,Tanner crab,"crab, Tanner, bairdi",Chionoecetes bairdi,,,2,0.03,1,"QTS, MDS, JDM, STS",
19854,2016D02004,74120,Weathervane scallop,"scallop, weathervane",Patinopecten caurinus,2,1,168,6.54,1,"QTS, MDS, JDM, STS",K
19855,2016D02004,74120,Weathervane scallop,"scallop, weathervane",Patinopecten caurinus,1,1,156,19.06,1,"QTS, MDS, JDM, STS",
19856,2016D02004,74120,Weathervane scallop,"scallop, weathervane",Patinopecten caurinus,1,1,82,10.76,1,"QTS, MDS, JDM, STS",
19857,2016D02004,74120,Weathervane scallop,"scallop, weathervane",Patinopecten caurinus,1,1,4,0.34,1,"QTS, MDS, JDM, STS",
19858,2016D02004,74120,Empty shells,"scallop, weathervane",Patinopecten caurinus,,99,,4.06,1,"QTS, MDS, JDM, STS",
19859,2016D02004,99997,Unsorted catch and debris,unsorted catch and debris,,,,,25.6,1,"QTS, MDS, JDM, STS",
19860,2016D02004,10200,Rex sole,"sole, rex",Glyptocephalus zachirus,,,4,0.2,1,"QTS, MDS, JDM, STS",
19861,2016D02004,66031,Pink shrimp,"shrimp, northern (pink)",Pandalus borealis,,,5,0.04,1,"QTS, MDS, JDM, STS",
19862,2016D02004,68560,Tanner crab,"crab, Tanner, bairdi",Chionoecetes bairdi,,,4,0.02,1,"QTS, MDS, JDM, STS",
19863,2016D02005,74120,Weathervane scallop,"scallop, weathervane",Patinopecten caurinus,2,1,204,1.6,1,"QTS, MDS, JDM, STS",X
19864,2016D02005,74120,Weathervane scallop,"scallop, weathervane",Patinopecten caurinus,1,1,62,9.36,1,"QTS, MDS, JDM, STS",L
19865,2016D02005,99997,Unsorted catch and debris,unsorted catch and debris,,,,,5.64,1,"QTS, MDS, JDM, STS",
19866,2016D02005,10120,Pacific halibut,"halibut, Pacific",Hippoglossus stenolepis,,,1,0.585,1,"QTS, MDS, JDM, STS",
19867,2016D02005,420,Big skate,"skate, big",Raja binoculata,,,1,0.14,1,"QTS, MDS, JDM, STS",
19868,2016D02005,10200,Rex sole,"sole, rex",Glyptocephalus zachirus,,,2,0.32,1,"QTS, MDS, JDM, STS",
19869,2016D02005,74120,Empty shells,"scallop, weathervane",Patinopecten caurinus,,99,,1.25,1,"QTS, MDS, JDM, STS",
19870,2016D02006,74120,Weathervane scallop,"scallop, weathervane",Patinopecten caurinus,2,1,2,0.02,1,"QTS, MDS, JDM, STS",
19871,2016D02006,74120,Weathervane scallop,"scallop, weathervane",Patinopecten caurinus,1,1,11,2.5,1,"QTS, MDS, JDM, STS",
19872,2016D02006,99997,Unsorted catch and debris,unsorted catch and debris,,,,,0.73,1,"QTS, MDS, JDM, STS",
19873,2016D02006,68560,Tanner crab,"crab, Tanner, bairdi",Chionoecetes bairdi,,,2,0.004,1,"QTS, MDS, JDM, STS",
19874,2016D02006,74120,Empty shells,"scallop, weathervane",Patinopecten caurinus,,99,,0.03,1,"QTS, MDS, JDM, STS",
19875,2016D02007,74120,Weathervane scallop,"scallop, weathervane",Patinopecten caurinus,2,1,3,0.015,1,"QTS, MDS, JDM, STS",AA
19876,2016D02007,74120,Weathervane scallop,"scallop, weathervane",Patinopecten caurinus,1,1,15,3.08,1,"QTS, MDS, JDM, STS",OO
19877,2016D02007,99997,Unsorted catch and debris,unsorted catch and debris,,,,,1.54,1,"QTS, MDS, JDM, STS",
19878,2016D02007,68560,Tanner crab,"crab, Tanner, bairdi",Chionoecetes bairdi,,,2,0.002,1,"QTS, MDS, JDM, STS",
19879,2016D02007,420,Big skate,"skate, big",Raja binoculata,,,1,0.113,1,"QTS, MDS, JDM, STS",
19880,2016D02007,10200,Rex sole,"sole, rex",Glyptocephalus zachirus,,,1,0.054,1,"QTS, MDS, JDM, STS",
19881,2016D02007,74120,Empty shells,"scallop, weathervane",Patinopecten caurinus,,99,,0.03,1,"QTS, MDS, JDM, STS",
19882,2016D02008,74120,Weathervane scallop,"scallop, weathervane",Patinopecten caurinus,2,1,234,3.02,1,"QTS, MDS, JDM, STS",L
19883,2016D02008,74120,Weathervane scallop,"scallop, weathervane",Patinopecten caurinus,2,1,117,1.58,1,"QTS, MDS, JDM, STS",
19884,2016D02008,74120,Weathervane scallop,"scallop, weathervane",Patinopecten caurinus,1,1,110,18.86,1,"QTS, MDS, JDM, STS",F
19885,2016D02008,74120,Weathervane scallop,"scallop, weathervane",Patinopecten caurinus,1,1,102,18.22,1,"QTS, MDS, JDM, STS",
19886,2016D02008,74120,Weathervane scallop,"scallop, weathervane",Patinopecten caurinus,1,1,123,20.61,1,"QTS, MDS, JDM, STS",
19887,2016D02008,74120,Empty shells,"scallop, weathervane",Patinopecten caurinus,,99,,0.5,1,"QTS, MDS, JDM, STS",
19888,2016D02008,99997,Unsorted catch and debris,unsorted catch and debris,,,,,8.7,1,"QTS, MDS, JDM, STS",
19889,2016D02008,68560,Tanner crab,"crab, Tanner, bairdi",Chionoecetes bairdi,,,53,0.049,1,"QTS, MDS, JDM, STS",
19890,2016D02008,10130,Flathead sole,"sole, flathead",Hippoglossoides elassodon,,,2,0.73,1,"QTS, MDS, JDM, STS",
19891,2016D02008,10110,Arrowtooth flounder,"flounder, arrowtooth",Reinhardtius stomias,,,1,0.51,1,"QTS, MDS, JDM, STS",
19892,2016D02008,10170,English sole,"sole, English",Paraphrys vetulus,,,1,0.09,1,"QTS, MDS, JDM, STS",
19893,2016D02008,421,"Big skate egg case, Live",Big skate egg case,Raja binoculata egg case,,1,1,0.45,1,"QTS, MDS, JDM, STS",
19894,2016D02008,10200,Rex sole,"sole, rex",Glyptocephalus zachirus,,,4,0.21,1,"QTS, MDS, JDM, STS",
19895,2016D02009,74120,Weathervane scallop,"scallop, weathervane",Patinopecten caurinus,2,1,94,2,1,"QTS, MDS, JDM, STS",M
19896,2016D02009,74120,Weathervane scallop,"scallop, weathervane",Patinopecten caurinus,2,1,72,1,1,"QTS, MDS, JDM, STS",B
19897,2016D02009,74120,Weathervane scallop,"scallop, weathervane",Patinopecten caurinus,2,1,84,1.34,1,"QTS, MDS, JDM, STS",MM
19898,2016D02009,74120,Weathervane scallop,"scallop, weathervane",Patinopecten caurinus,2,1,73,0.36,1,"QTS, MDS, JDM, STS",F
19899,2016D02009,74120,Weathervane scallop,"scallop, weathervane",Patinopecten caurinus,2,1,281,1.49,1,"QTS, MDS, JDM, STS",AR
19900,2016D02009,74120,Weathervane scallop,"scallop, weathervane",Patinopecten caurinus,1,1,132,19.3,1,"QTS, MDS, JDM, STS",G
19901,2016D02009,74120,Weathervane scallop,"scallop, weathervane",Patinopecten caurinus,1,1,124,19.82,1,"QTS, MDS, JDM, STS",Z
19902,2016D02009,74120,Weathervane scallop,"scallop, weathervane",Patinopecten caurinus,1,1,94,13.46,1,"QTS, MDS, JDM, STS",H
19903,2016D02009,74120,Weathervane scallop,"scallop, weathervane",Patinopecten caurinus,1,1,118,17.1,1,"QTS, MDS, JDM, STS",K
19904,2016D02009,74120,Weathervane scallop,"scallop, weathervane",Patinopecten caurinus,1,1,129,19.04,1,"QTS, MDS, JDM, STS",
19905,2016D02009,74120,Weathervane scallop,"scallop, weathervane",Patinopecten caurinus,1,1,8,0.87,1,"QTS, MDS, JDM, STS",WD
19906,2016D02009,74120,Weathervane scallop,"scallop, weathervane",Patinopecten caurinus,1,1,2,0.12,1,"QTS, MDS, JDM, STS",MB
19907,2016D02009,74120,Weathervane scallop,"scallop, weathervane",Patinopecten caurinus,1,1,2,0.24,1,"QTS, MDS, JDM, STS",
19908,2016D02009,74120,Empty shells,"scallop, weathervane",Patinopecten caurinus,,99,,0.38,1,"QTS, MDS, JDM, STS",
19909,2016D02009,99997,Unsorted catch and debris,unsorted catch and debris,,,,,1.03,1,"QTS, MDS, JDM, STS",
19910,2016D02009,99997,Unsorted catch and debris,unsorted catch and debris,,,,,5.76,1,"QTS, MDS, JDM, STS",
19911,2016D02009,68560,Tanner crab,"crab, Tanner, bairdi",Chionoecetes bairdi,,,10,0.01,1,"QTS, MDS, JDM, STS",SF
19912,2016D02009,10200,Rex sole,"sole, rex",Glyptocephalus zachirus,,,1,0.33,1,"QTS, MDS, JDM, STS",
19913,2016D02009,10110,Arrowtooth flounder,"flounder, arrowtooth",Reinhardtius stomias,,,1,0.81,1,"QTS, MDS, JDM, STS",
19914,2016D02009,420,Big skate,"skate, big",Raja binoculata,,,1,0.23,1,"QTS, MDS, JDM, STS",
19915,2016D02009,68560,Tanner crab,"crab, Tanner, bairdi",Chionoecetes bairdi,,,40,0.039,1,"QTS, MDS, JDM, STS",
19916,2016D02010,74120,Weathervane scallop,"scallop, weathervane",Patinopecten caurinus,1,1,65,10.02,1,"QTS, MDS, JDM, STS",F
19917,2016D02010,74120,Weathervane scallop,"scallop, weathervane",Patinopecten caurinus,1,1,3,0.39,1,"QTS, MDS, JDM, STS",
19918,2016D02010,99997,Unsorted catch and debris,unsorted catch and debris,,,,,4.8,1,"QTS, MDS, JDM, STS",
19919,2016D02010,68560,Tanner crab,"crab, Tanner, bairdi",Chionoecetes bairdi,,,7,0.02,1,"QTS, MDS, JDM, STS",SF
19920,2016D02010,74120,Empty shells,"scallop, weathervane",Patinopecten caurinus,,99,,0.2,1,"QTS, MDS, JDM, STS",
19921,2016D02011,74120,Weathervane scallop,"scallop, weathervane",Patinopecten caurinus,2,1,1,0.01,1,"QTS, MDS, JDM, STS",WD
19922,2016D02011,74120,Weathervane scallop,"scallop, weathervane",Patinopecten caurinus,1,1,13,3.38,1,"QTS, MDS, JDM, STS",
19923,2016D02011,99997,Unsorted catch and debris,unsorted catch and debris,,,,,4.34,1,"QTS, MDS, JDM, STS",
19924,2016D02011,68560,Tanner crab,"crab, Tanner, bairdi",Chionoecetes bairdi,,,1,0.003,1,"QTS, MDS, JDM, STS",SF
19925,2016D02011,74120,Weathervane scallop,"scallop, weathervane",Patinopecten caurinus,1,1,1,0.1,1,"QTS, MDS, JDM, STS",
19926,2016D02011,74120,Empty shells,"scallop, weathervane",Patinopecten caurinus,,99,,0.23,1,"QTS, MDS, JDM, STS",
19927,2016D02013,74120,Weathervane scallop,"scallop, weathervane",Patinopecten caurinus,1,1,6,1.17,1,"QTS, MDS, JDM, STS",
19928,2016D02013,99997,Unsorted catch and debris,unsorted catch and debris,,,,,4.74,1,"QTS, MDS, JDM, STS",
19929,2016D02014,74120,Weathervane scallop,"scallop, weathervane",Patinopecten caurinus,2,1,1,0.01,1,"QTS, MDS, JDM, STS",MH
19930,2016D02014,74120,Weathervane scallop,"scallop, weathervane",Patinopecten caurinus,1,1,7,1.36,1,"QTS, MDS, JDM, STS",
19931,2016D02014,99997,Unsorted catch and debris,unsorted catch and debris,,,,,8.26,1,"QTS, MDS, JDM, STS",
19932,2016D02014,99997,Unsorted catch and debris,unsorted catch and debris,,,,,11.18,1,"QTS, MDS, JDM, STS",
19933,2016D02014,68560,Tanner crab,"crab, Tanner, bairdi",Chionoecetes bairdi,,,1,0.01,1,"QTS, MDS, JDM, STS",SF
19934,2016D02014,10120,Pacific halibut,"halibut, Pacific",Hippoglossus stenolepis,,,1,3.34,1,"QTS, MDS, JDM, STS",
19935,2016D02014,74120,Empty shells,"scallop, weathervane",Patinopecten caurinus,,99,,0.39,1,"QTS, MDS, JDM, STS",
19936,2016D02015,74120,Weathervane scallop,"scallop, weathervane",Patinopecten caurinus,1,1,2,0.56,1,"QTS, MDS, JDM, STS",Z
19937,2016D02015,74120,Weathervane scallop,"scallop, weathervane",Patinopecten caurinus,1,1,1,0.21,1,"QTS, MDS, JDM, STS",MH
19938,2016D02015,74120,Empty shells,"scallop, weathervane",Patinopecten caurinus,,99,,0.16,1,"QTS, MDS, JDM, STS",
19939,2016D02015,99997,Unsorted catch and debris,unsorted catch and debris,,,,,21.05,1,"QTS, MDS, JDM, STS",
19940,2016D02015,99997,Unsorted catch and debris,unsorted catch and debris,,,,,11.44,1,"QTS, MDS, JDM, STS",
19941,2016D02015,99997,Unsorted catch and debris,unsorted catch and debris,,,,,7.5,1,"QTS, MDS, JDM, STS",
19942,2016D02015,99997,Unsorted catch and debris,unsorted catch and debris,,,,,18.36,1,"QTS, MDS, JDM, STS",
19943,2016D02015,99997,Unsorted catch and debris,unsorted catch and debris,,,,,19.74,1,"QTS, MDS, JDM, STS",
19944,2016D02015,80160,Sunflower sea star,sunflower sea star,Pycnopodia helianthoides,,,1,1.92,1,"QTS, MDS, JDM, STS",
19945,2016D02015,68560,Tanner crab,"crab, Tanner, bairdi",Chionoecetes bairdi,,,2,0.01,1,"QTS, MDS, JDM, STS",SF
19946,2016D02015,66120,Sidestripe shrimp,"shrimp, sidestriped",Pandalopsis dispar,,,3,0.04,1,"QTS, MDS, JDM, STS",
19947,2016D02015,66031,Pink shrimp,"shrimp, northern (pink)",Pandalus borealis,,,1,0.03,1,"QTS, MDS, JDM, STS",
19948,2016D02015,78020,Octopus,,Octopus sp.,,,1,0.05,1,"QTS, MDS, JDM, STS",
19949,2016D02015,10270,Butter sole,"sole, butter",Isopsetta isolepis,,,1,0.76,1,"QTS, MDS, JDM, STS",
19950,2016D02015,43010,Metridium sp.,"sea anemone, Metridium sp.",Metridium sp.,,,2,1.13,1,"QTS, MDS, JDM, STS",
19951,2016D02016,74120,Weathervane scallop,"scallop, weathervane",Patinopecten caurinus,1,1,4,1.24,1,"QTS, MDS, JDM, STS",MM
19952,2016D02016,99997,Unsorted catch and debris,unsorted catch and debris,,,,,26.5,1,"QTS, MDS, JDM, STS",
19953,2016D02017,74120,Weathervane scallop,"scallop, weathervane",Patinopecten caurinus,1,1,71,11.58,1,"QTS, MDS, JDM, STS",C
19954,2016D02017,74120,Weathervane scallop,"scallop, weathervane",Patinopecten caurinus,1,1,97,16.56,1,"QTS, MDS, JDM, STS",G
19955,2016D02017,74120,Weathervane scallop,"scallop, weathervane",Patinopecten caurinus,1,1,107,18,1,"QTS, MDS, JDM, STS",H
19956,2016D02017,74120,Weathervane scallop,"scallop, weathervane",Patinopecten caurinus,1,1,42,7.1,1,"QTS, MDS, JDM, STS",M
19957,2016D02017,74120,Empty shells,"scallop, weathervane",Patinopecten caurinus,,99,,0.06,1,"QTS, MDS, JDM, STS",
19958,2016D02017,99997,Unsorted catch and debris,unsorted catch and debris,,,,,15.62,1,"QTS, MDS, JDM, STS",
19959,2016D02017,10270,Butter sole,"sole, butter",Isopsetta isolepis,,,1,0.61,1,"QTS, MDS, JDM, STS",
19960,2016D02017,420,Big skate,"skate, big",Raja binoculata,,,1,0.15,1,"QTS, MDS, JDM, STS",
19961,2016D02017,10200,Rex sole,"sole, rex",Glyptocephalus zachirus,,,1,0.01,1,"QTS, MDS, JDM, STS",
19962,2016D02017,66031,Pink shrimp,"shrimp, northern (pink)",Pandalus borealis,,,1,0.005,1,"QTS, MDS, JDM, STS",
19963,2016D02018,74120,Weathervane scallop,"scallop, weathervane",Patinopecten caurinus,1,1,15,4.82,1,"QTS, MDS, JDM, STS",
19964,2016D02018,99997,Unsorted catch and debris,unsorted catch and debris,,,,,27.84,1,"QTS, MDS, JDM, STS",
19965,2016D02018,68560,Tanner crab,"crab, Tanner, bairdi",Chionoecetes bairdi,,,1,0.004,1,"QTS, MDS, JDM, STS",SF
19966,2016D02018,99997,Unsorted catch and debris,unsorted catch and debris,,,,,2.7,1,"QTS, MDS, JDM, STS",
19967,2016D02018,10200,Rex sole,"sole, rex",Glyptocephalus zachirus,,,1,0.01,1,"QTS, MDS, JDM, STS",
19968,2016D02018,74120,Empty shells,"scallop, weathervane",Patinopecten caurinus,,99,,2.84,1,"QTS, MDS, JDM, STS",
19969,2016D02018,74120,Empty shells,"scallop, weathervane",Patinopecten caurinus,,99,,0.19,1,"QTS, MDS, JDM, STS",
19970,2016D02019,74120,Weathervane scallop,"scallop, weathervane",Patinopecten caurinus,2,1,1,0.1,1,"QTS, MDS, JDM, STS",
19971,2016D02019,74120,Weathervane scallop,"scallop, weathervane",Patinopecten caurinus,1,1,15,3.72,1,"QTS, MDS, JDM, STS",
19972,2016D02019,74120,Empty shells,"scallop, weathervane",Patinopecten caurinus,,99,,2.02,1,"QTS, MDS, JDM, STS",
19973,2016D02019,99997,Unsorted catch and debris,unsorted catch and debris,,,,,16.28,1,"QTS, MDS, JDM, STS",
19974,2016D02019,80160,Sunflower sea star,sunflower sea star,Pycnopodia helianthoides,,,1,0.7,1,"QTS, MDS, JDM, STS",
19975,2016D02019,68560,Tanner crab,"crab, Tanner, bairdi",Chionoecetes bairdi,,,8,0.03,1,"QTS, MDS, JDM, STS",SF
19976,2016D02019,99997,Unsorted catch and debris,unsorted catch and debris,,,,,23.8,1,"QTS, MDS, JDM, STS",
19977,2016D02019,99997,Unsorted catch and debris,unsorted catch and debris,,,,,21.54,1,"QTS, MDS, JDM, STS",
19978,2016D02019,99997,Unsorted catch and debris,unsorted catch and debris,,,,,11.1,1,"QTS, MDS, JDM, STS",
19979,2016D02019,99997,Unsorted catch and debris,unsorted catch and debris,,,,,0.18,1,"QTS, MDS, JDM, STS",
19980,2016D02019,421,"Big skate egg case, Live",Big skate egg case,Raja binoculata egg case,,1,2,0.42,1,"QTS, MDS, JDM, STS",
19981,2016D02020,74120,Weathervane scallop,"scallop, weathervane",Patinopecten caurinus,1,1,8,2.02,1,"QTS, MDS, JDM, STS",Q
19982,2016D02020,74120,Empty shells,"scallop, weathervane",Patinopecten caurinus,,99,,0.79,1,"QTS, MDS, JDM, STS",
19983,2016D02020,74120,Clapper,"scallop, weathervane",Patinopecten caurinus,,52,2,0.29,1,"QTS, MDS, JDM, STS",
19984,2016D02020,74120,Empty shells,"scallop, weathervane",Patinopecten caurinus,,99,,0.79,1,"QTS, MDS, JDM, STS",
19985,2016D02020,99997,Unsorted catch and debris,unsorted catch and debris,,,,,20.72,1,"QTS, MDS, JDM, STS",
19986,2016D02020,68560,Tanner crab,"crab, Tanner, bairdi",Chionoecetes bairdi,,,3,0.005,1,"QTS, MDS, JDM, STS",SF
19987,2016D02020,99997,Unsorted catch and debris,unsorted catch and debris,,,,,9.58,1,"QTS, MDS, JDM, STS",
19988,2016D02020,99997,Unsorted catch and debris,unsorted catch and debris,,,,,18.14,1,"QTS, MDS, JDM, STS",
19989,2016D02020,99997,Unsorted catch and debris,unsorted catch and debris,,,,,12.76,1,"QTS, MDS, JDM, STS",
19990,2016D02020,99997,Unsorted catch and debris,unsorted catch and debris,,,,,11.12,1,"QTS, MDS, JDM, STS",
19991,2016D02021,74120,Weathervane scallop,"scallop, weathervane",Patinopecten caurinus,2,1,1,0.93,1,"QTS, MDS, JDM, STS",
19992,2016D02021,74120,Weathervane scallop,"scallop, weathervane",Patinopecten caurinus,1,1,6,1.47,1,"QTS, MDS, JDM, STS",
19993,2016D02021,99997,Unsorted catch and debris,unsorted catch and debris,,,,,25.35,1,"QTS, MDS, JDM, STS",
19994,2016D02021,68560,Tanner crab,"crab, Tanner, bairdi",Chionoecetes bairdi,,,4,0.01,1,"QTS, MDS, JDM, STS",SF
19995,2016D02021,99997,Unsorted catch and debris,unsorted catch and debris,,,,,18.4,1,"QTS, MDS, JDM, STS",
19996,2016D02021,99997,Unsorted catch and debris,unsorted catch and debris,,,,,10.44,1,"QTS, MDS, JDM, STS",
19997,2016D02021,99997,Unsorted catch and debris,unsorted catch and debris,,,,,37.22,1,"QTS, MDS, JDM, STS",
19998,2016D02021,74120,Clapper,"scallop, weathervane",Patinopecten caurinus,,52,1,0.11,1,"QTS, MDS, JDM, STS",
19999,2016D02021,74120,Empty shells,"scallop, weathervane",Patinopecten caurinus,,99,,2.9,1,"QTS, MDS, JDM, STS",
20000,2016D02022,74120,Weathervane scallop,"scallop, weathervane",Patinopecten caurinus,1,1,18,4.28,1,"QTS, MDS, JDM, STS",
20001,2016D02022,74120,Weathervane scallop,"scallop, weathervane",Patinopecten caurinus,1,1,1,0.16,1,"QTS, MDS, JDM, STS",
20002,2016D02022,99997,Unsorted catch and debris,unsorted catch and debris,,,,,20.26,1,"QTS, MDS, JDM, STS",
20003,2016D02022,68560,Tanner crab,"crab, Tanner, bairdi",Chionoecetes bairdi,,,1,0.005,1,"QTS, MDS, JDM, STS",SF
20004,2016D02022,78020,Octopus,,Octopus sp.,,,1,0.004,1,"QTS, MDS, JDM, STS",
20005,2016D02022,441,"Longnose skate egg case, Live",longnose skate egg case,raja rhina egg case,,1,1,0.1,1,"QTS, MDS, JDM, STS",
20006,2016D02022,74120,Clapper,"scallop, weathervane",Patinopecten caurinus,,52,1,0.15,1,"QTS, MDS, JDM, STS",
20007,2016D02022,74120,Empty shells,"scallop, weathervane",Patinopecten caurinus,,99,,2.32,1,"QTS, MDS, JDM, STS",
20008,2016D02023,74120,Weathervane scallop,"scallop, weathervane",Patinopecten caurinus,1,1,36,7.6,1,"QTS, MDS, JDM, STS",Q
20009,2016D02023,74120,Weathervane scallop,"scallop, weathervane",Patinopecten caurinus,1,1,4,1.15,1,"QTS, MDS, JDM, STS",MB
20010,2016D02023,99997,Unsorted catch and debris,unsorted catch and debris,,,,,37.36,1,"QTS, MDS, JDM, STS",
20011,2016D02023,68560,Tanner crab,"crab, Tanner, bairdi",Chionoecetes bairdi,,,1,0.004,1,"QTS, MDS, JDM, STS",SF
20012,2016D02023,435,Bering skate,Sandpaper Skate,Bathyraja interrupta,,,2,2.36,1,"QTS, MDS, JDM, STS",
20013,2016D02023,80000,Unknown seastar,starfish unident.,Asteroidea unident.,,,1,0.56,1,"QTS, MDS, JDM, STS",
20014,2016D02023,10180,Dover sole,"sole, dover",Microstomus pacificus,,,2,0.61,1,"QTS, MDS, JDM, STS",
20015,2016D02023,74120,Empty shells,"scallop, weathervane",Patinopecten caurinus,,99,,1.9,1,"QTS, MDS, JDM, STS",
20016,2016D02023,99997,Unsorted catch and debris,unsorted catch and debris,,,,,22.12,1,"QTS, MDS, JDM, STS",
20017,2016D02023,99997,Unsorted catch and debris,unsorted catch and debris,,,,,27.12,1,"QTS, MDS, JDM, STS",
20018,2016D02024,74120,Weathervane scallop,"scallop, weathervane",Patinopecten caurinus,1,1,15,3.11,1,"QTS, MDS, JDM, STS",
20019,2016D02024,74120,Empty shells,"scallop, weathervane",Patinopecten caurinus,,99,,0.82,1,"QTS, MDS, JDM, STS",
20020,2016D02024,99997,Unsorted catch and debris,unsorted catch and debris,,,,,26.7,1,"QTS, MDS, JDM, STS",
20021,2016D02024,80810,Leafy flat sea star,sand sea star,Luidia foliolata,,,2,1.9,1,"QTS, MDS, JDM, STS",
20022,2016D02024,99997,Unsorted catch and debris,unsorted catch and debris,,,,,13.66,1,"QTS, MDS, JDM, STS",
20023,2016D02024,99997,Unsorted catch and debris,unsorted catch and debris,,,,,10.86,1,"QTS, MDS, JDM, STS",
20024,2016D02024,99997,Unsorted catch and debris,unsorted catch and debris,,,,,13.78,1,"QTS, MDS, JDM, STS",
20025,2016D02025,74120,Weathervane scallop,"scallop, weathervane",Patinopecten caurinus,1,1,59,13.88,1,"QTS, MDS, JDM, STS",
20026,2016D02025,74120,Weathervane scallop,"scallop, weathervane",Patinopecten caurinus,1,1,36,7.96,1,"QTS, MDS, JDM, STS",H
20027,2016D02025,74120,Weathervane scallop,"scallop, weathervane",Patinopecten caurinus,1,1,1,0.17,1,"QTS, MDS, JDM, STS",
20028,2016D02025,74120,Empty shells,"scallop, weathervane",Patinopecten caurinus,,99,,0.8,1,"QTS, MDS, JDM, STS",
20029,2016D02025,99997,Unsorted catch and debris,unsorted catch and debris,,,,,23.72,1,"QTS, MDS, JDM, STS",
20030,2016D02025,99997,Unsorted catch and debris,unsorted catch and debris,,,,,16.95,1,"QTS, MDS, JDM, STS",
20031,2016D02025,99997,Unsorted catch and debris,unsorted catch and debris,,,,,12.46,1,"QTS, MDS, JDM, STS",
20032,2016D02025,99997,Unsorted catch and debris,unsorted catch and debris,,,,,21.1,1,"QTS, MDS, JDM, STS",
20033,2016D02025,80810,Leafy flat sea star,sand sea star,Luidia foliolata,,,10,7.94,1,"QTS, MDS, JDM, STS",
20034,2016D02026,74120,Weathervane scallop,"scallop, weathervane",Patinopecten caurinus,1,1,100,22.58,1,"QTS, MDS, JDM, STS",
20035,2016D02026,74120,Weathervane scallop,"scallop, weathervane",Patinopecten caurinus,1,1,100,22.26,1,"QTS, MDS, JDM, STS",
20036,2016D02026,74120,Weathervane scallop,"scallop, weathervane",Patinopecten caurinus,1,1,19,4.3,1,"QTS, MDS, JDM, STS",F
20037,2016D02026,74120,Empty shells,"scallop, weathervane",Patinopecten caurinus,,99,,0.54,1,"QTS, MDS, JDM, STS",
20038,2016D02026,99997,Unsorted catch and debris,unsorted catch and debris,,,,,15.12,1,"QTS, MDS, JDM, STS",
20039,2016D02026,99997,Unsorted catch and debris,unsorted catch and debris,,,,,18.46,1,"QTS, MDS, JDM, STS",
20040,2016D02026,99997,Unsorted catch and debris,unsorted catch and debris,,,,,18.16,1,"QTS, MDS, JDM, STS",
20041,2016D02026,99997,Unsorted catch and debris,unsorted catch and debris,,,,,13.04,1,"QTS, MDS, JDM, STS",
20042,2016D02026,99997,Unsorted catch and debris,unsorted catch and debris,,,,,19.82,1,"QTS, MDS, JDM, STS",
20043,2016D02026,80810,Leafy flat sea star,sand sea star,Luidia foliolata,,,,8.46,1,"QTS, MDS, JDM, STS",
20044,2016D02027,74120,Weathervane scallop,"scallop, weathervane",Patinopecten caurinus,1,1,9,2.16,1,"QTS, MDS, JDM, STS",
20045,2016D02027,74120,Weathervane scallop,"scallop, weathervane",Patinopecten caurinus,1,1,1,0.25,1,"QTS, MDS, JDM, STS",
20046,2016D02027,99997,Unsorted catch and debris,unsorted catch and debris,,,,,17.5,1,"QTS, MDS, JDM, STS",
20047,2016D02027,99997,Unsorted catch and debris,unsorted catch and debris,,,,,10.18,1,"QTS, MDS, JDM, STS",
20048,2016D02027,99997,Unsorted catch and debris,unsorted catch and debris,,,,,14.84,1,"QTS, MDS, JDM, STS",
20049,2016D02027,99997,Unsorted catch and debris,unsorted catch and debris,,,,,18.56,1,"QTS, MDS, JDM, STS",
20050,2016D02027,99997,Unsorted catch and debris,unsorted catch and debris,,,,,16.48,1,"QTS, MDS, JDM, STS",
20051,2016D02027,99997,Unsorted catch and debris,unsorted catch and debris,,,,,14.28,1,"QTS, MDS, JDM, STS",
20052,2016D02027,99997,Unsorted catch and debris,unsorted catch and debris,,,,,16.36,1,"QTS, MDS, JDM, STS",
20053,2016D02027,99997,Unsorted catch and debris,unsorted catch and debris,,,,,24.02,1,"QTS, MDS, JDM, STS",
20054,2016D02027,99997,Unsorted catch and debris,unsorted catch and debris,,,,,15.78,1,"QTS, MDS, JDM, STS",
20055,2016D02027,99997,Unsorted catch and debris,unsorted catch and debris,,,,,17.76,1,"QTS, MDS, JDM, STS",
20056,2016D02027,68560,Tanner crab,"crab, Tanner, bairdi",Chionoecetes bairdi,,,2,0.005,1,"QTS, MDS, JDM, STS",SF
20057,2016D02027,23010,Eulachon,"smelt, eulachon",Thaleichthys pacificus,,,5,0.04,1,"QTS, MDS, JDM, STS",
20058,2016D02027,10200,Rex sole,"sole, rex",Glyptocephalus zachirus,,,5,0.02,1,"QTS, MDS, JDM, STS",
20059,2016D02028,74120,Weathervane scallop,"scallop, weathervane",Patinopecten caurinus,1,1,7,1.88,1,"QTS, MDS, JDM, STS",G
20060,2016D02028,74120,Empty shells,"scallop, weathervane",Patinopecten caurinus,,99,,0.06,1,"QTS, MDS, JDM, STS",
20061,2016D02028,99997,Unsorted catch and debris,unsorted catch and debris,,,,,19.32,1,"QTS, MDS, JDM, STS",
20062,2016D02028,99997,Unsorted catch and debris,unsorted catch and debris,,,,,20.16,1,"QTS, MDS, JDM, STS",
20063,2016D02028,99997,Unsorted catch and debris,unsorted catch and debris,,,,,19.9,1,"QTS, MDS, JDM, STS",
20064,2016D02028,99997,Unsorted catch and debris,unsorted catch and debris,,,,,13.24,1,"QTS, MDS, JDM, STS",
20065,2016D02028,99997,Unsorted catch and debris,unsorted catch and debris,,,,,22.74,1,"QTS, MDS, JDM, STS",
20066,2016D02028,99997,Unsorted catch and debris,unsorted catch and debris,,,,,9,1,"QTS, MDS, JDM, STS",
20067,2016D02028,99997,Unsorted catch and debris,unsorted catch and debris,,,,,12.12,1,"QTS, MDS, JDM, STS",
20068,2016D02028,99997,Unsorted catch and debris,unsorted catch and debris,,,,,13.2,1,"QTS, MDS, JDM, STS",
20069,2016D02028,99997,Unsorted catch and debris,unsorted catch and debris,,,,,22.28,1,"QTS, MDS, JDM, STS",
20070,2016D02028,99997,Unsorted catch and debris,unsorted catch and debris,,,,,11.32,1,"QTS, MDS, JDM, STS",
20071,2016D02028,99997,Unsorted catch and debris,unsorted catch and debris,,,,,14.44,1,"QTS, MDS, JDM, STS",
20072,2016D02028,99997,Unsorted catch and debris,unsorted catch and debris,,,,,14.9,1,"QTS, MDS, JDM, STS",
20073,2016D02028,99997,Unsorted catch and debris,unsorted catch and debris,,,,,28.92,1,"QTS, MDS, JDM, STS",
20074,2016D02028,68560,Tanner crab,"crab, Tanner, bairdi",Chionoecetes bairdi,,,1,0.004,1,"QTS, MDS, JDM, STS",SF
20075,2016D02028,23010,Eulachon,"smelt, eulachon",Thaleichthys pacificus,,,2,0.02,1,"QTS, MDS, JDM, STS",
20076,2016D02028,10200,Rex sole,"sole, rex",Glyptocephalus zachirus,,,2,0.04,1,"QTS, MDS, JDM, STS",
20077,2016D02029,74120,Weathervane scallop,"scallop, weathervane",Patinopecten caurinus,1,1,34,15.7,1,"QTS, MDS, JDM, STS",
20078,2016D02029,74120,Weathervane scallop,"scallop, weathervane",Patinopecten caurinus,1,1,1,0.28,1,"QTS, MDS, JDM, STS",
20079,2016D02029,74120,Empty shells,"scallop, weathervane",Patinopecten caurinus,,99,,2.54,1,"QTS, MDS, JDM, STS",
20080,2016D02029,99997,Unsorted catch and debris,unsorted catch and debris,,,,,29.36,1,"QTS, MDS, JDM, STS",
20081,2016D02029,80810,Leafy flat sea star,sand sea star,Luidia foliolata,,,1,0.39,1,"QTS, MDS, JDM, STS",
20082,2016D02029,10180,Dover sole,"sole, dover",Microstomus pacificus,,,1,0.1,1,"QTS, MDS, JDM, STS",
20083,2016D02029,99997,Unsorted catch and debris,unsorted catch and debris,,,,,16.24,1,"QTS, MDS, JDM, STS",
20084,2016D02029,99997,Unsorted catch and debris,unsorted catch and debris,,,,,19.24,1,"QTS, MDS, JDM, STS",
20085,2016D02029,99997,Unsorted catch and debris,unsorted catch and debris,,,,,12.46,1,"QTS, MDS, JDM, STS",
20086,2016D02029,99997,Unsorted catch and debris,unsorted catch and debris,,,,,12.9,1,"QTS, MDS, JDM, STS",
20087,2016D02030,74120,Weathervane scallop,"scallop, weathervane",Patinopecten caurinus,1,1,8,2.46,1,"QTS, MDS, JDM, STS",T
20088,2016D02030,74120,Weathervane scallop,"scallop, weathervane",Patinopecten caurinus,1,1,1,0.43,1,"QTS, MDS, JDM, STS",
20089,2016D02030,99997,Unsorted catch and debris,unsorted catch and debris,,,,,19.16,1,"QTS, MDS, JDM, STS",
20090,2016D02030,68560,Tanner crab,"crab, Tanner, bairdi",Chionoecetes bairdi,,,1,0.01,1,"QTS, MDS, JDM, STS",SF
20091,2016D02030,80810,Leafy flat sea star,sand sea star,Luidia foliolata,,,,1.82,1,"QTS, MDS, JDM, STS",
20092,2016D02030,10130,Flathead sole,"sole, flathead",Hippoglossoides elassodon,,,,0.01,1,"QTS, MDS, JDM, STS",
20093,2016D02030,74120,Empty shells,"scallop, weathervane",Patinopecten caurinus,,99,,1.8,1,"QTS, MDS, JDM, STS",
20094,2016D02030,99997,Unsorted catch and debris,unsorted catch and debris,,,,,20.92,1,"QTS, MDS, JDM, STS",
20095,2016D02030,99997,Unsorted catch and debris,unsorted catch and debris,,,,,20.22,1,"QTS, MDS, JDM, STS",
20096,2016D02031,74120,Weathervane scallop,"scallop, weathervane",Patinopecten caurinus,1,1,2,0.44,1,"QTS, MDS, JDM, STS",
20097,2016D02031,74120,Empty shells,"scallop, weathervane",Patinopecten caurinus,,99,,1.04,1,"QTS, MDS, JDM, STS",
20098,2016D02031,99997,Unsorted catch and debris,unsorted catch and debris,,,,,11.06,1,"QTS, MDS, JDM, STS",
20099,2016D02031,68560,Tanner crab,"crab, Tanner, bairdi",Chionoecetes bairdi,,,4,0.008,1,"QTS, MDS, JDM, STS",SF
20100,2016D02031,435,Bering skate,Sandpaper Skate,Bathyraja interrupta,,,1,0.36,1,"QTS, MDS, JDM, STS",
20101,2016D02031,10180,Dover sole,"sole, dover",Microstomus pacificus,,,1,0.01,1,"QTS, MDS, JDM, STS",
20102,2016D02031,99997,Unsorted catch and debris,unsorted catch and debris,,,,,10.2,1,"QTS, MDS, JDM, STS",
20103,2016D02031,99997,Unsorted catch and debris,unsorted catch and debris,,,,,14.08,1,"QTS, MDS, JDM, STS",
20104,2016D02031,99997,Unsorted catch and debris,unsorted catch and debris,,,,,4.66,1,"QTS, MDS, JDM, STS",
20105,2016D02032,74120,Weathervane scallop,"scallop, weathervane",Patinopecten caurinus,1,1,6,1.96,1,"QTS, MDS, JDM, STS",O
20106,2016D02032,74120,Empty shells,"scallop, weathervane",Patinopecten caurinus,,99,,1.28,1,"QTS, MDS, JDM, STS",
20107,2016D02032,99997,Unsorted catch and debris,unsorted catch and debris,,,,,18.38,1,"QTS, MDS, JDM, STS",
20108,2016D02032,99997,Unsorted catch and debris,unsorted catch and debris,,,,,23.3,1,"QTS, MDS, JDM, STS",
20109,2016D02032,99997,Unsorted catch and debris,unsorted catch and debris,,,,,10.02,1,"QTS, MDS, JDM, STS",
20110,2016D02032,99997,Unsorted catch and debris,unsorted catch and debris,,,,,9.9,1,"QTS, MDS, JDM, STS",
20111,2016D02032,80160,Sunflower sea star,sunflower sea star,Pycnopodia helianthoides,,,1,0.92,1,"QTS, MDS, JDM, STS",
20112,2016D02032,68560,Tanner crab,"crab, Tanner, bairdi",Chionoecetes bairdi,,,2,0.005,1,"QTS, MDS, JDM, STS",SF
20113,2016D02032,10110,Arrowtooth flounder,"flounder, arrowtooth",Reinhardtius stomias,,,1,0.005,1,"QTS, MDS, JDM, STS",
20114,2016D02032,10200,Rex sole,"sole, rex",Glyptocephalus zachirus,,,3,0.01,1,"QTS, MDS, JDM, STS",
20115,2016D02032,66031,Pink shrimp,"shrimp, northern (pink)",Pandalus borealis,,,1,0.003,1,"QTS, MDS, JDM, STS",
20116,2016D02033,74120,Weathervane scallop,"scallop, weathervane",Patinopecten caurinus,1,1,58,14.12,1,"QTS, MDS, JDM, STS",
20117,2016D02033,74120,Empty shells,"scallop, weathervane",Patinopecten caurinus,,99,,0.82,1,"QTS, MDS, JDM, STS",
20118,2016D02033,99997,Unsorted catch and debris,unsorted catch and debris,,,,,16.4,1,"QTS, MDS, JDM, STS",
20119,2016D02033,99997,Unsorted catch and debris,unsorted catch and debris,,,,,17.66,1,"QTS, MDS, JDM, STS",
20120,2016D02033,99997,Unsorted catch and debris,unsorted catch and debris,,,,,11.8,1,"QTS, MDS, JDM, STS",
20121,2016D02033,99997,Unsorted catch and debris,unsorted catch and debris,,,,,10.56,1,"QTS, MDS, JDM, STS",
20122,2016D02033,99997,Unsorted catch and debris,unsorted catch and debris,,,,,16.16,1,"QTS, MDS, JDM, STS",
20123,2016D02033,99997,Unsorted catch and debris,unsorted catch and debris,,,,,18.58,1,"QTS, MDS, JDM, STS",
20124,2016D02033,68560,Tanner crab,"crab, Tanner, bairdi",Chionoecetes bairdi,,,2,0.008,1,"QTS, MDS, JDM, STS",SF
20125,2016D02033,80810,Leafy flat sea star,sand sea star,Luidia foliolata,,,,1.72,1,"QTS, MDS, JDM, STS",
20126,2016D02033,10130,Flathead sole,"sole, flathead",Hippoglossoides elassodon,,,2,0.45,1,"QTS, MDS, JDM, STS",
20127,2016D02033,10180,Dover sole,"sole, dover",Microstomus pacificus,,,1,0.28,1,"QTS, MDS, JDM, STS",
20128,2016D02033,10170,English sole,"sole, English",Paraphrys vetulus,,,1,0.35,1,"QTS, MDS, JDM, STS",
20129,2016D02033,10200,Rex sole,"sole, rex",Glyptocephalus zachirus,,,1,0.18,1,"QTS, MDS, JDM, STS",
20130,2016D02034,74120,Weathervane scallop,"scallop, weathervane",Patinopecten caurinus,1,1,70,19.14,1,"QTS, MDS, JDM, STS",A
20131,2016D02034,74120,Weathervane scallop,"scallop, weathervane",Patinopecten caurinus,1,1,6,1.4,1,"QTS, MDS, JDM, STS",
20132,2016D02034,74120,Weathervane scallop,"scallop, weathervane",Patinopecten caurinus,1,1,1,0.3,1,"QTS, MDS, JDM, STS",
20133,2016D02034,74120,Empty shells,"scallop, weathervane",Patinopecten caurinus,,99,,5.16,1,"QTS, MDS, JDM, STS",
20134,2016D02034,99997,Unsorted catch and debris,unsorted catch and debris,,,,,22.42,1,"QTS, MDS, JDM, STS",
20135,2016D02034,99997,Unsorted catch and debris,unsorted catch and debris,,,,,27.5,1,"QTS, MDS, JDM, STS",
20136,2016D02034,99997,Unsorted catch and debris,unsorted catch and debris,,,,,19.3,1,"QTS, MDS, JDM, STS",
20137,2016D02034,99997,Unsorted catch and debris,unsorted catch and debris,,,,,35.24,1,"QTS, MDS, JDM, STS",
20138,2016D02034,99997,Unsorted catch and debris,unsorted catch and debris,,,,,30.5,1,"QTS, MDS, JDM, STS",
20139,2016D02034,99997,Unsorted catch and debris,unsorted catch and debris,,,,,8,1,"QTS, MDS, JDM, STS",
20140,2016D02034,68560,Tanner crab,"crab, Tanner, bairdi",Chionoecetes bairdi,,,1,0.003,1,"QTS, MDS, JDM, STS",SF
20141,2016D02034,80810,Leafy flat sea star,sand sea star,Luidia foliolata,,,,0.1,1,"QTS, MDS, JDM, STS",
20142,2016D02034,10200,Rex sole,"sole, rex",Glyptocephalus zachirus,,,2,0.85,1,"QTS, MDS, JDM, STS",
20143,2016D02034,10170,English sole,"sole, English",Paraphrys vetulus,,,4,0.71,1,"QTS, MDS, JDM, STS",
20144,2016D02034,23010,Eulachon,"smelt, eulachon",Thaleichthys pacificus,,,1,0.01,1,"QTS, MDS, JDM, STS",
20145,2016D02035,74120,Weathervane scallop,"scallop, weathervane",Patinopecten caurinus,1,1,3,1.02,1,"QTS, MDS, JDM, STS",
20146,2016D02035,74120,Empty shells,"scallop, weathervane",Patinopecten caurinus,,99,,1.35,1,"QTS, MDS, JDM, STS",
20147,2016D02035,99997,Unsorted catch and debris,unsorted catch and debris,,,,,18.42,1,"QTS, MDS, JDM, STS",
20148,2016D02035,99997,Unsorted catch and debris,unsorted catch and debris,,,,,17.66,1,"QTS, MDS, JDM, STS",
20149,2016D02035,99997,Unsorted catch and debris,unsorted catch and debris,,,,,9.62,1,"QTS, MDS, JDM, STS",
20150,2016D02035,99997,Unsorted catch and debris,unsorted catch and debris,,,,,20.32,1,"QTS, MDS, JDM, STS",
20151,2016D02035,99997,Unsorted catch and debris,unsorted catch and debris,,,,,8.56,1,"QTS, MDS, JDM, STS",
20152,2016D02035,99997,Unsorted catch and debris,unsorted catch and debris,,,,,16.44,1,"QTS, MDS, JDM, STS",
20153,2016D02035,99997,Unsorted catch and debris,unsorted catch and debris,,,,,24.5,1,"QTS, MDS, JDM, STS",
20154,2016D02035,68560,Tanner crab,"crab, Tanner, bairdi",Chionoecetes bairdi,,,1,0.005,1,"QTS, MDS, JDM, STS",SF
20155,2016D02035,80810,Leafy flat sea star,sand sea star,Luidia foliolata,,,,1.09,1,"QTS, MDS, JDM, STS",
20156,2016D02035,10200,Rex sole,"sole, rex",Glyptocephalus zachirus,,,3,0.05,1,"QTS, MDS, JDM, STS",
20157,2016D02035,10130,Flathead sole,"sole, flathead",Hippoglossoides elassodon,,,1,0.01,1,"QTS, MDS, JDM, STS",
20158,2016D02035,23010,Eulachon,"smelt, eulachon",Thaleichthys pacificus,,,1,0.01,1,"QTS, MDS, JDM, STS",
20159,2016D02036,74120,Weathervane scallop,"scallop, weathervane",Patinopecten caurinus,2,1,1,0.01,1,"QTS, MDS, JDM, STS",BB
20160,2016D02036,74120,Weathervane scallop,"scallop, weathervane",Patinopecten caurinus,1,1,47,14.24,1,"QTS, MDS, JDM, STS",
20161,2016D02036,74120,Empty shells,"scallop, weathervane",Patinopecten caurinus,,99,,0.32,1,"QTS, MDS, JDM, STS",
20162,2016D02036,99997,Unsorted catch and debris,unsorted catch and debris,,,,,21.56,1,"QTS, MDS, JDM, STS",
20163,2016D02036,99997,Unsorted catch and debris,unsorted catch and debris,,,,,12.4,1,"QTS, MDS, JDM, STS",
20164,2016D02036,99997,Unsorted catch and debris,unsorted catch and debris,,,,,10.32,1,"QTS, MDS, JDM, STS",
20165,2016D02036,99997,Unsorted catch and debris,unsorted catch and debris,,,,,11.48,1,"QTS, MDS, JDM, STS",
20166,2016D02036,99997,Unsorted catch and debris,unsorted catch and debris,,,,,15.86,1,"QTS, MDS, JDM, STS",
20167,2016D02036,99997,Unsorted catch and debris,unsorted catch and debris,,,,,27.61,1,"QTS, MDS, JDM, STS",
20168,2016D02036,99997,Unsorted catch and debris,unsorted catch and debris,,,,,37.82,1,"QTS, MDS, JDM, STS",
20169,2016D02036,68560,Tanner crab,"crab, Tanner, bairdi",Chionoecetes bairdi,,,1,0.01,1,"QTS, MDS, JDM, STS",SF
20170,2016D02037,74120,Weathervane scallop,"scallop, weathervane",Patinopecten caurinus,1,1,15,4.6,1,"QTS, MDS, JDM, STS",
20171,2016D02037,74120,Clapper,"scallop, weathervane",Patinopecten caurinus,,52,2,0.24,1,"QTS, MDS, JDM, STS",
20172,2016D02037,74120,Empty shells,"scallop, weathervane",Patinopecten caurinus,,99,,0.58,1,"QTS, MDS, JDM, STS",
20173,2016D02037,99997,Unsorted catch and debris,unsorted catch and debris,,,,,17.66,1,"QTS, MDS, JDM, STS",
20174,2016D02037,80160,Sunflower sea star,sunflower sea star,Pycnopodia helianthoides,,,1,2.74,1,"QTS, MDS, JDM, STS",
20175,2016D02037,68560,Tanner crab,"crab, Tanner, bairdi",Chionoecetes bairdi,,,2,0.02,1,"QTS, MDS, JDM, STS",
20176,2016D02037,10110,Arrowtooth flounder,"flounder, arrowtooth",Reinhardtius stomias,,,4,0.05,1,"QTS, MDS, JDM, STS",
20177,2016D02037,10180,Dover sole,"sole, dover",Microstomus pacificus,,,1,0.01,1,"QTS, MDS, JDM, STS",
20178,2016D02037,66031,Pink shrimp,"shrimp, northern (pink)",Pandalus borealis,,,1,0.005,1,"QTS, MDS, JDM, STS",
20179,2016D02037,99997,Unsorted catch and debris,unsorted catch and debris,,,,,15.84,1,"QTS, MDS, JDM, STS",
20180,2016D02037,99997,Unsorted catch and debris,unsorted catch and debris,,,,,7.66,1,"QTS, MDS, JDM, STS",
20181,2016D02037,99997,Unsorted catch and debris,unsorted catch and debris,,,,,18.04,1,"QTS, MDS, JDM, STS",
20182,2016D02037,99997,Unsorted catch and debris,unsorted catch and debris,,,,,7.62,1,"QTS, MDS, JDM, STS",
20183,2016D02038,74120,Weathervane scallop,"scallop, weathervane",Patinopecten caurinus,2,1,1,0.01,1,"QTS, MDS, JDM, STS",FF
20184,2016D02038,74120,Weathervane scallop,"scallop, weathervane",Patinopecten caurinus,1,1,21,6.04,1,"QTS, MDS, JDM, STS",N
20185,2016D02038,74120,Empty shells,"scallop, weathervane",Patinopecten caurinus,,99,,3.16,1,"QTS, MDS, JDM, STS",
20186,2016D02038,99997,Unsorted catch and debris,unsorted catch and debris,,,,,28.02,1,"QTS, MDS, JDM, STS",
20187,2016D02038,10130,Flathead sole,"sole, flathead",Hippoglossoides elassodon,,,1,0.25,1,"QTS, MDS, JDM, STS",
20188,2016D02038,10180,Dover sole,"sole, dover",Microstomus pacificus,,,1,0.27,1,"QTS, MDS, JDM, STS",
20189,2016D02038,435,Bering skate,Sandpaper Skate,Bathyraja interrupta,,,1,0.11,1,"QTS, MDS, JDM, STS",
20190,2016D02038,99997,Unsorted catch and debris,unsorted catch and debris,,,,,4.8,1,"QTS, MDS, JDM, STS",
20191,2016D02038,99997,Unsorted catch and debris,unsorted catch and debris,,,,,12.52,1,"QTS, MDS, JDM, STS",
20192,2016D02038,99997,Unsorted catch and debris,unsorted catch and debris,,,,,27.9,1,"QTS, MDS, JDM, STS",
20193,2016D02039,74120,Weathervane scallop,"scallop, weathervane",Patinopecten caurinus,1,1,21,5.06,1,"QTS, MDS, JDM, STS",
20194,2016D02039,74120,Clapper,"scallop, weathervane",Patinopecten caurinus,,52,1,0.11,1,"QTS, MDS, JDM, STS",
20195,2016D02039,74120,Empty shells,"scallop, weathervane",Patinopecten caurinus,,99,,1.96,1,"QTS, MDS, JDM, STS",
20196,2016D02039,99997,Unsorted catch and debris,unsorted catch and debris,,,,,10.04,1,"QTS, MDS, JDM, STS",
20197,2016D02039,99997,Unsorted catch and debris,unsorted catch and debris,,,,,9.64,1,"QTS, MDS, JDM, STS",
20198,2016D02039,99997,Unsorted catch and debris,unsorted catch and debris,,,,,13.8,1,"QTS, MDS, JDM, STS",
20199,2016D02039,99997,Unsorted catch and debris,unsorted catch and debris,,,,,15.28,1,"QTS, MDS, JDM, STS",
20200,2016D02039,99997,Unsorted catch and debris,unsorted catch and debris,,,,,7.38,1,"QTS, MDS, JDM, STS",
20201,2016D02039,440,Longnose skate,"skate, longnose",Raja rhina,,,1,0.8,1,"QTS, MDS, JDM, STS",
20202,2016D02039,80810,Leafy flat sea star,sand sea star,Luidia foliolata,,,,0.29,1,"QTS, MDS, JDM, STS",
20203,2016D02039,10180,Dover sole,"sole, dover",Microstomus pacificus,,,1,0.013,1,"QTS, MDS, JDM, STS",
20204,2016D02040,74120,Weathervane scallop,"scallop, weathervane",Patinopecten caurinus,1,1,8,1.91,1,"QTS, MDS, JDM, STS",
20205,2016D02040,74120,Clapper,"scallop, weathervane",Patinopecten caurinus,,52,2,0.55,1,"QTS, MDS, JDM, STS",
20206,2016D02040,74120,Empty shells,"scallop, weathervane",Patinopecten caurinus,,99,,0.46,1,"QTS, MDS, JDM, STS",
20207,2016D02040,99999,Natural debris,Debris_natural,,,,,4.7,1,"QTS, MDS, JDM, STS",
20208,2016D02040,99997,Unsorted catch and debris,unsorted catch and debris,,,,,12.16,1,"QTS, MDS, JDM, STS",
20209,2016D02040,99997,Unsorted catch and debris,unsorted catch and debris,,,,,9.72,1,"QTS, MDS, JDM, STS",
20210,2016D02040,99997,Unsorted catch and debris,unsorted catch and debris,,,,,9.3,1,"QTS, MDS, JDM, STS",
20211,2016D02040,99997,Unsorted catch and debris,unsorted catch and debris,,,,,12,1,"QTS, MDS, JDM, STS",
20212,2016D02040,99997,Unsorted catch and debris,unsorted catch and debris,,,,,10.16,1,"QTS, MDS, JDM, STS",
20213,2016D02040,99997,Unsorted catch and debris,unsorted catch and debris,,,,,16.66,1,"QTS, MDS, JDM, STS",
20214,2016D02040,68560,Tanner crab,"crab, Tanner, bairdi",Chionoecetes bairdi,,,10,0.01,1,"QTS, MDS, JDM, STS",SF
20215,2016D02040,80810,Leafy flat sea star,sand sea star,Luidia foliolata,,,4,2.1,1,"QTS, MDS, JDM, STS",
20216,2016D02040,68560,Tanner crab,"crab, Tanner, bairdi",Chionoecetes bairdi,,,24,0.04,1,"QTS, MDS, JDM, STS",
20217,2016D02040,23010,Eulachon,"smelt, eulachon",Thaleichthys pacificus,,,1,0.01,1,"QTS, MDS, JDM, STS",
20218,2016D02041,74120,Weathervane scallop,"scallop, weathervane",Patinopecten caurinus,1,1,16,4.61,1,"QTS, MDS, JDM, STS",
20219,2016D02041,74120,Clapper,"scallop, weathervane",Patinopecten caurinus,,52,4,0.77,1,"QTS, MDS, JDM, STS",
20220,2016D02041,74120,Empty shells,"scallop, weathervane",Patinopecten caurinus,,99,,1.56,1,"QTS, MDS, JDM, STS",
20221,2016D02041,99997,Unsorted catch and debris,unsorted catch and debris,,,,,20.64,1,"QTS, MDS, JDM, STS",
20222,2016D02041,99997,Unsorted catch and debris,unsorted catch and debris,,,,,5.98,1,"QTS, MDS, JDM, STS",
20223,2016D02041,99997,Unsorted catch and debris,unsorted catch and debris,,,,,4.12,1,"QTS, MDS, JDM, STS",
20224,2016D02041,99997,Unsorted catch and debris,unsorted catch and debris,,,,,14.66,1,"QTS, MDS, JDM, STS",
20225,2016D02041,99997,Unsorted catch and debris,unsorted catch and debris,,,,,32.66,1,"QTS, MDS, JDM, STS",
20226,2016D02041,68560,Tanner crab,"crab, Tanner, bairdi",Chionoecetes bairdi,,,6,0.01,1,"QTS, MDS, JDM, STS",SF
20227,2016D02041,435,Bering skate,Sandpaper Skate,Bathyraja interrupta,,,1,1.42,1,"QTS, MDS, JDM, STS",
20228,2016D02041,10110,Arrowtooth flounder,"flounder, arrowtooth",Reinhardtius stomias,,,2,0.02,1,"QTS, MDS, JDM, STS",
20229,2016D02041,80810,Leafy flat sea star,sand sea star,Luidia foliolata,,,,0.22,1,"QTS, MDS, JDM, STS",
20230,2016D02041,23010,Eulachon,"smelt, eulachon",Thaleichthys pacificus,,,1,0.01,1,"QTS, MDS, JDM, STS",
20231,2016D02041,66031,Pink shrimp,"shrimp, northern (pink)",Pandalus borealis,,,1,0.01,1,"QTS, MDS, JDM, STS",
20232,2016D02042,74120,Weathervane scallop,"scallop, weathervane",Patinopecten caurinus,1,1,12,3.4,1,"QTS, MDS, JDM, STS",
20233,2016D02042,74120,Clapper,"scallop, weathervane",Patinopecten caurinus,,52,2,1.07,1,"QTS, MDS, JDM, STS",
20234,2016D02042,74120,Empty shells,"scallop, weathervane",Patinopecten caurinus,,99,,1.18,1,"QTS, MDS, JDM, STS",
20235,2016D02042,99997,Unsorted catch and debris,unsorted catch and debris,,,,,15.16,1,"QTS, MDS, JDM, STS",
20236,2016D02042,80810,Leafy flat sea star,sand sea star,Luidia foliolata,,,,0.53,1,"QTS, MDS, JDM, STS",
20237,2016D02042,83020,Basketstar,basketstar,Gorgonocephalus eucnemis,,,1,0.55,1,"QTS, MDS, JDM, STS",
20238,2016D02042,441,"Longnose skate egg case, Live",longnose skate egg case,raja rhina egg case,,1,3,0.22,1,"QTS, MDS, JDM, STS",
20239,2016D02042,10180,Dover sole,"sole, dover",Microstomus pacificus,,,1,0.3,1,"QTS, MDS, JDM, STS",
20240,2016D02042,23010,Eulachon,"smelt, eulachon",Thaleichthys pacificus,,,1,0.02,1,"QTS, MDS, JDM, STS",
20241,2016D02042,99997,Unsorted catch and debris,unsorted catch and debris,,,,,27.54,1,"QTS, MDS, JDM, STS",
20242,2016D02042,99997,Unsorted catch and debris,unsorted catch and debris,,,,,20,1,"QTS, MDS, JDM, STS",
20243,2016D02043,74120,Weathervane scallop,"scallop, weathervane",Patinopecten caurinus,2,1,2,0.09,1,"QTS, MDS, JDM, STS",M
20244,2016D02043,74120,Weathervane scallop,"scallop, weathervane",Patinopecten caurinus,1,1,6,1.48,1,"QTS, MDS, JDM, STS",
20245,2016D02043,74120,Empty shells,"scallop, weathervane",Patinopecten caurinus,,99,,1.36,1,"QTS, MDS, JDM, STS",
20246,2016D02043,99997,Unsorted catch and debris,unsorted catch and debris,,,,,24.3,1,"QTS, MDS, JDM, STS",
20247,2016D02043,99997,Unsorted catch and debris,unsorted catch and debris,,,,,24.14,1,"QTS, MDS, JDM, STS",
20248,2016D02043,99997,Unsorted catch and debris,unsorted catch and debris,,,,,15,1,"QTS, MDS, JDM, STS",
20249,2016D02043,99997,Unsorted catch and debris,unsorted catch and debris,,,,,11.46,1,"QTS, MDS, JDM, STS",
20250,2016D02044,74120,Weathervane scallop,"scallop, weathervane",Patinopecten caurinus,2,1,1,0.086,1,"QTS, MDS, JDM, STS",
20251,2016D02044,74120,Weathervane scallop,"scallop, weathervane",Patinopecten caurinus,1,1,31,8.56,1,"QTS, MDS, JDM, STS",
20252,2016D02044,74120,Clapper,"scallop, weathervane",Patinopecten caurinus,,52,6,1.21,1,"QTS, MDS, JDM, STS",
20253,2016D02044,74120,Empty shells,"scallop, weathervane",Patinopecten caurinus,,99,,1.18,1,"QTS, MDS, JDM, STS",
20254,2016D02044,99997,Unsorted catch and debris,unsorted catch and debris,,,,,17.04,1,"QTS, MDS, JDM, STS",
20255,2016D02044,80160,Sunflower sea star,sunflower sea star,Pycnopodia helianthoides,,,1,0.84,1,"QTS, MDS, JDM, STS",
20256,2016D02044,68560,Tanner crab,"crab, Tanner, bairdi",Chionoecetes bairdi,,,3,0.005,1,"QTS, MDS, JDM, STS",SF
20257,2016D02044,83020,Basketstar,basketstar,Gorgonocephalus eucnemis,,,7,2.58,1,"QTS, MDS, JDM, STS",
20258,2016D02044,80810,Leafy flat sea star,sand sea star,Luidia foliolata,,,1,0.42,1,"QTS, MDS, JDM, STS",
20259,2016D02044,10180,Dover sole,"sole, dover",Microstomus pacificus,,,1,0.18,1,"QTS, MDS, JDM, STS",
20260,2016D02044,99997,Unsorted catch and debris,unsorted catch and debris,,,,,8.6,1,"QTS, MDS, JDM, STS",
20261,2016D02044,99997,Unsorted catch and debris,unsorted catch and debris,,,,,9.1,1,"QTS, MDS, JDM, STS",
20262,2016D02045,74120,Weathervane scallop,"scallop, weathervane",Patinopecten caurinus,2,1,1,0.01,1,"QTS, MDS, JDM, STS",
20263,2016D02045,74120,Weathervane scallop,"scallop, weathervane",Patinopecten caurinus,1,1,13,3.74,1,"QTS, MDS, JDM, STS",
20264,2016D02045,74120,Empty shells,"scallop, weathervane",Patinopecten caurinus,,99,,1.88,1,"QTS, MDS, JDM, STS",
20265,2016D02045,99997,Unsorted catch and debris,unsorted catch and debris,,,,,22.8,1,"QTS, MDS, JDM, STS",
20266,2016D02045,99997,Unsorted catch and debris,unsorted catch and debris,,,,,5.42,1,"QTS, MDS, JDM, STS",
20267,2016D02045,99997,Unsorted catch and debris,unsorted catch and debris,,,,,12.22,1,"QTS, MDS, JDM, STS",
20268,2016D02045,99997,Unsorted catch and debris,unsorted catch and debris,,,,,17.6,1,"QTS, MDS, JDM, STS",
20269,2016D02045,80810,Leafy flat sea star,sand sea star,Luidia foliolata,,,1,1.38,1,"QTS, MDS, JDM, STS",
20270,2016D02045,68560,Tanner crab,"crab, Tanner, bairdi",Chionoecetes bairdi,,,4,0.007,1,"QTS, MDS, JDM, STS",SF
20271,2016D02045,83020,Basketstar,basketstar,Gorgonocephalus eucnemis,,,1,1.14,1,"QTS, MDS, JDM, STS",
20272,2016D02045,420,Big skate,"skate, big",Raja binoculata,,,1,0.04,1,"QTS, MDS, JDM, STS",
20273,2016D02045,66031,Pink shrimp,"shrimp, northern (pink)",Pandalus borealis,,,1,0.003,1,"QTS, MDS, JDM, STS",
20274,2016D02046,74120,Weathervane scallop,"scallop, weathervane",Patinopecten caurinus,1,1,33,11.06,1,"QTS, MDS, JDM, STS",
20275,2016D02046,74120,Empty shells,"scallop, weathervane",Patinopecten caurinus,,99,,0.7,1,"QTS, MDS, JDM, STS",
20276,2016D02046,99997,Unsorted catch and debris,unsorted catch and debris,,,,,15.18,1,"QTS, MDS, JDM, STS",
20277,2016D02046,99997,Unsorted catch and debris,unsorted catch and debris,,,,,13.24,1,"QTS, MDS, JDM, STS",
20278,2016D02046,99997,Unsorted catch and debris,unsorted catch and debris,,,,,16.9,1,"QTS, MDS, JDM, STS",
20279,2016D02046,99997,Unsorted catch and debris,unsorted catch and debris,,,,,24.71,1,"QTS, MDS, JDM, STS",
20280,2016D02046,99997,Unsorted catch and debris,unsorted catch and debris,,,,,21.22,1,"QTS, MDS, JDM, STS",
20281,2016D02047,74120,Weathervane scallop,"scallop, weathervane",Patinopecten caurinus,1,1,4,1.03,1,"QTS, MDS, JDM, STS",
20282,2016D02047,74120,Empty shells,"scallop, weathervane",Patinopecten caurinus,,99,,0.19,1,"QTS, MDS, JDM, STS",
20283,2016D02047,99997,Unsorted catch and debris,unsorted catch and debris,,,,,24.2,1,"QTS, MDS, JDM, STS",
20284,2016D02047,99997,Unsorted catch and debris,unsorted catch and debris,,,,,18.28,1,"QTS, MDS, JDM, STS",
20285,2016D02047,99997,Unsorted catch and debris,unsorted catch and debris,,,,,11.42,1,"QTS, MDS, JDM, STS",
20286,2016D02047,99997,Unsorted catch and debris,unsorted catch and debris,,,,,11.6,1,"QTS, MDS, JDM, STS",
20287,2016D02047,99997,Unsorted catch and debris,unsorted catch and debris,,,,,16.9,1,"QTS, MDS, JDM, STS",
20288,2016D02047,99997,Unsorted catch and debris,unsorted catch and debris,,,,,15.3,1,"QTS, MDS, JDM, STS",
20289,2016D02047,80160,Sunflower sea star,sunflower sea star,Pycnopodia helianthoides,,,1,0.32,1,"QTS, MDS, JDM, STS",
20290,2016D02047,80810,Leafy flat sea star,sand sea star,Luidia foliolata,,,,1.25,1,"QTS, MDS, JDM, STS",
20291,2016D02047,441,"Longnose skate egg case, Live",longnose skate egg case,raja rhina egg case,,1,1,0.1,1,"QTS, MDS, JDM, STS",
20292,2016D02047,10180,Dover sole,"sole, dover",Microstomus pacificus,,,1,0.17,1,"QTS, MDS, JDM, STS",
20293,2016D02047,10170,English sole,"sole, English",Paraphrys vetulus,,,1,0.12,1,"QTS, MDS, JDM, STS",
20294,2016D02047,10110,Arrowtooth flounder,"flounder, arrowtooth",Reinhardtius stomias,,,2,0.002,1,"QTS, MDS, JDM, STS",
20295,2016D02048,99997,unsorted catch and debris,unsorted catch and debris,,,,,19.52,1,"QTS, MDS, JDM, STS",
20296,2016D02048,99997,unsorted catch and debris,unsorted catch and debris,,,,,14.04,1,"QTS, MDS, JDM, STS",
20297,2016D02048,99997,unsorted catch and debris,unsorted catch and debris,,,,,14.64,1,"QTS, MDS, JDM, STS",
20298,2016D02048,99997,unsorted catch and debris,unsorted catch and debris,,,,,11.86,1,"QTS, MDS, JDM, STS",
20299,2016D02048,99997,unsorted catch and debris,unsorted catch and debris,,,,,24.68,1,"QTS, MDS, JDM, STS",
20300,2016D02048,99997,unsorted catch and debris,unsorted catch and debris,,,,,14,1,"QTS, MDS, JDM, STS",
20301,2016D02048,99997,unsorted catch and debris,unsorted catch and debris,,,,,8.22,1,"QTS, MDS, JDM, STS",
20302,2016D02048,68560,Tanner crab,"crab, Tanner, bairdi",Chionoecetes bairdi,,,1,0.005,1,"QTS, MDS, JDM, STS",
20303,2016D02048,80810,Leafy flat sea star,sand sea star,Luidia foliolata,,,6,3.7,1,"QTS, MDS, JDM, STS",
20304,2016D02048,10180,Dover sole,"sole, dover",Microstomus pacificus,,,2,0.36,1,"QTS, MDS, JDM, STS",
20305,2016D02048,10110,Arrowtooth flounder,"flounder, arrowtooth",Reinhardtius stomias,,,1,0.01,1,"QTS, MDS, JDM, STS",
20306,2016D02048,74120,Empty shells,"scallop, weathervane",Patinopecten caurinus,,99,,0.49,1,"QTS, MDS, JDM, STS",
5722707,2016D06001,74120,Weathervane scallop,"scallop, weathervane",Patinopecten caurinus,1,1,19,7.21,1,"JDM, MDS, MMB, RMB",A
5722708,2016D06001,74120,Weathervane scallop,"scallop, weathervane",Patinopecten caurinus,1,1,10,3.3,1,"JDM, MDS, MMB, RMB",M
5722709,2016D06001,74120,Weathervane scallop,"scallop, weathervane",Patinopecten caurinus,1,1,1,0.37,1,"JDM, MDS, MMB, RMB",Z
5722710,2016D06001,74120,Weathervane scallop,"scallop, weathervane",Patinopecten caurinus,1,1,1,0.59,1,"JDM, MDS, MMB, RMB",TS
5722711,2016D06001,74120,Weathervane scallop,"scallop, weathervane",Patinopecten caurinus,2,1,3,0.03,1,"JDM, MDS, MMB, RMB",TT
5722712,2016D06001,74120,Clappers,"scallop, weathervane",Patinopecten caurinus,,52,3,0.61,1,"JDM, MDS, MMB, RMB",
5722713,2016D06001,74120,Empty shells,"scallop, weathervane",Patinopecten caurinus,,99,,1.08,1,"JDM, MDS, MMB, RMB",
5722714,2016D06001,99997,Unsorted catch and debris,unsorted catch and debris,,,,,17.12,1,"JDM, MDS, MMB, RMB",
5722715,2016D06001,80160,Sunflower sea star,sunflower sea star,Pycnopodia helianthoides,,,1,3.26,1,"JDM, MDS, MMB, RMB",
5722716,2016D06001,68560,Tanner crab,"crab, Tanner, bairdi",Chionoecetes bairdi,,,24,0.043,1,"JDM, MDS, MMB, RMB",
5722717,2016D06001,68560,Tanner crab,"crab, Tanner, bairdi",Chionoecetes bairdi,,,10,0.01,1,"JDM, MDS, MMB, RMB",SF
5722718,2016D06001,66120,Sidestripe shrimp,"shrimp, sidestriped",Pandalopsis dispar,,,1,0.001,1,"JDM, MDS, MMB, RMB",
5722719,2016D06001,10110,Arrowtooth flounder,"flounder, arrowtooth",Reinhardtius stomias,,,1,1.32,1,"JDM, MDS, MMB, RMB",
5722720,2016D06002,74120,Weathervane scallop,"scallop, weathervane",Patinopecten caurinus,1,1,12,4,1,"JDM, MDS, MMB, RMB",G
5722721,2016D06002,74120,Weathervane scallop,"scallop, weathervane",Patinopecten caurinus,1,1,30,10.24,1,"JDM, MDS, MMB, RMB",N
5722722,2016D06002,74120,Weathervane scallop,"scallop, weathervane",Patinopecten caurinus,1,1,10,3.62,1,"JDM, MDS, MMB, RMB",SF
5722723,2016D06002,74120,Weathervane scallop,"scallop, weathervane",Patinopecten caurinus,2,1,3,0.063,1,"JDM, MDS, MMB, RMB",TT
5722724,2016D06002,74120,Weathervane scallop,"scallop, weathervane",Patinopecten caurinus,2,1,1,0.062,1,"JDM, MDS, MMB, RMB",TS
5722725,2016D06002,74120,Clappers,"scallop, weathervane",Patinopecten caurinus,,52,,0.672,1,"JDM, MDS, MMB, RMB",
5722726,2016D06002,74120,Empty shells,"scallop, weathervane",Patinopecten caurinus,,99,,1.8,1,"JDM, MDS, MMB, RMB",
5722727,2016D06002,99997,Unsorted catch and debris,unsorted catch and debris,,,,,15.2,1,"JDM, MDS, MMB, RMB",
5722728,2016D06002,68560,Tanner crab,"crab, Tanner, bairdi",Chionoecetes bairdi,,,10,0.01,1,"JDM, MDS, MMB, RMB",SF
5722729,2016D06002,10130,Flathead sole,"sole, flathead",Hippoglossoides elassodon,,,1,0.337,1,"JDM, MDS, MMB, RMB",
5722730,2016D06002,68560,Tanner crab,"crab, Tanner, bairdi",Chionoecetes bairdi,,,51,0.101,1,"JDM, MDS, MMB, RMB",
5722731,2016D06003,74120,Weathervane scallop,"scallop, weathervane",Patinopecten caurinus,1,1,10,4.38,1,"JDM, MDS, MMB, RMB",SF
5722732,2016D06003,74120,Weathervane scallop,"scallop, weathervane",Patinopecten caurinus,1,1,7,2.96,1,"JDM, MDS, MMB, RMB",U
5722733,2016D06003,74120,Weathervane scallop,"scallop, weathervane",Patinopecten caurinus,2,1,10,0.27,1,"JDM, MDS, MMB, RMB",SF
5722734,2016D06003,74120,Clappers,"scallop, weathervane",Patinopecten caurinus,,52,1,0.148,1,"JDM, MDS, MMB, RMB",
5722735,2016D06003,74120,Empty shells,"scallop, weathervane",Patinopecten caurinus,,99,,0.187,1,"JDM, MDS, MMB, RMB",
5722736,2016D06003,99997,Unsorted catch and debris,unsorted catch and debris,,,,,3.68,1,"JDM, MDS, MMB, RMB",
5722737,2016D06003,80160,Sunflower sea star,sunflower sea star,Pycnopodia helianthoides,,,1,3.24,1,"JDM, MDS, MMB, RMB",
5722738,2016D06003,68560,Tanner crab,"crab, Tanner, bairdi",Chionoecetes bairdi,,,8,0.013,1,"JDM, MDS, MMB, RMB",QF
5722739,2016D06003,99997,Unsorted catch and debris,unsorted catch and debris,,,,,1.9,1,"JDM, MDS, MMB, RMB",
5722740,2016D06003,10200,Rex sole,"sole, rex",Glyptocephalus zachirus,,,1,0.002,1,"JDM, MDS, MMB, RMB",
5722741,2016D06004,74120,Weathervane scallop,"scallop, weathervane",Patinopecten caurinus,1,1,3,1.3,1,"JDM, MDS, MMB, RMB",
5722742,2016D06004,74120,Clappers,"scallop, weathervane",Patinopecten caurinus,,52,1,0.49,1,"JDM, MDS, MMB, RMB",
5722743,2016D06004,74120,Empty shells,"scallop, weathervane",Patinopecten caurinus,,99,,0.8,1,"JDM, MDS, MMB, RMB",
5722744,2016D06004,99997,Unsorted catch and debris,unsorted catch and debris,,,,,23.96,1,"JDM, MDS, MMB, RMB",
5722745,2016D06004,99997,Unsorted catch and debris,unsorted catch and debris,,,,,28.42,1,"JDM, MDS, MMB, RMB",
5722746,2016D06004,99997,Unsorted catch and debris,unsorted catch and debris,,,,,28.7,1,"JDM, MDS, MMB, RMB",
5722747,2016D06004,99997,Unsorted catch and debris,unsorted catch and debris,,,,,19.78,1,"JDM, MDS, MMB, RMB",
5722748,2016D06004,99997,Unsorted catch and debris,unsorted catch and debris,,,,,9.76,1,"JDM, MDS, MMB, RMB",
5722749,2016D06004,99997,Unsorted catch and debris,unsorted catch and debris,,,,,24.18,1,"JDM, MDS, MMB, RMB",
5722750,2016D06004,99997,Unsorted catch and debris,unsorted catch and debris,,,,,24.29,1,"JDM, MDS, MMB, RMB",
5722751,2016D06004,80160,Sunflower sea star,sunflower sea star,Pycnopodia helianthoides,,,1,0.7,1,"JDM, MDS, MMB, RMB",
5722752,2016D06004,68560,Tanner crab,"crab, Tanner, bairdi",Chionoecetes bairdi,,,6,0.01,2,"JDM, MDS, MMB, RMB",QF
5722753,2016D06004,99997,Unsorted catch and debris,unsorted catch and debris,,,,,12.09,2,"JDM, MDS, MMB, RMB",
5722754,2016D06004,435,B. interrupta,Sandpaper Skate,Bathyraja interrupta,,,8,1.667,1,"JDM, MDS, MMB, RMB",
5722755,2016D06004,310,Spiny dogfish,"shark, spiny dogfish",Squalus acanthias,,,1,2.73,1,"JDM, MDS, MMB, RMB",
5722756,2016D06004,66120,Sidestripe shrimp,"shrimp, sidestriped",Pandalopsis dispar,,,1,0.019,1,"JDM, MDS, MMB, RMB",
5722757,2016D06004,436,B. interrupta egg case empty,sandpaper skate egg case,Bathyraja interrupta egg case,,99,2,0.023,1,"JDM, MDS, MMB, RMB",
5722758,2016D06004,435,B. interrupta,Sandpaper Skate,Bathyraja interrupta,,,1,0.044,1,"JDM, MDS, MMB, RMB",
5722759,2016D06005,74120,Weathervane scallop,"scallop, weathervane",Patinopecten caurinus,1,1,7,3.84,1,"JDM, MDS, MMB, RMB",
5722760,2016D06005,74120,Weathervane scallop,"scallop, weathervane",Patinopecten caurinus,2,1,10,0.363,1,"JDM, MDS, MMB, RMB",SF
5722761,2016D06005,74120,Weathervane scallop,"scallop, weathervane",Patinopecten caurinus,2,1,15,0.344,1,"JDM, MDS, MMB, RMB",
5722762,2016D06005,74120,Weathervane scallop,"scallop, weathervane",Patinopecten caurinus,2,1,30,0.553,1,"JDM, MDS, MMB, RMB",MM
5722763,2016D06005,74120,Empty shells,"scallop, weathervane",Patinopecten caurinus,,99,,0.26,1,"JDM, MDS, MMB, RMB",
5722764,2016D06005,99997,Unsorted catch and debris,unsorted catch and debris,,,,,11.92,1,"JDM, MDS, MMB, RMB",
5722765,2016D06005,99997,Unsorted catch and debris,unsorted catch and debris,,,,,14.7,1,"JDM, MDS, MMB, RMB",
5722766,2016D06005,80160,Sunflower sea star,sunflower sea star,Pycnopodia helianthoides,,,3,6,1,"JDM, MDS, MMB, RMB",
5722767,2016D06005,68560,Tanner crab,"crab, Tanner, bairdi",Chionoecetes bairdi,,,10,0.03,1,"JDM, MDS, MMB, RMB",XX
5722768,2016D06005,436,B. interrupta egg case empty,sandpaper skate egg case,Bathyraja interrupta egg case,,99,1,0.187,1,"JDM, MDS, MMB, RMB",
5722769,2016D06005,10130,Flathead sole,"sole, flathead",Hippoglossoides elassodon,,,1,0.005,1,"JDM, MDS, MMB, RMB",
5722770,2016D06005,99997,Unsorted catch and debris,unsorted catch and debris,,,,,0.65,1,"JDM, MDS, MMB, RMB",
5722771,2016D06006,74120,Weathervane scallop,"scallop, weathervane",Patinopecten caurinus,1,1,18,4.36,1,"JDM, MDS, MMB, RMB",
5722772,2016D06006,74120,Weathervane scallop,"scallop, weathervane",Patinopecten caurinus,1,1,10,2.1,1,"JDM, MDS, MMB, RMB",
5722773,2016D06006,74120,Weathervane scallop,"scallop, weathervane",Patinopecten caurinus,1,1,1,0.125,1,"JDM, MDS, MMB, RMB",
5722774,2016D06006,74120,Weathervane scallop,"scallop, weathervane",Patinopecten caurinus,2,1,10,0.279,1,"JDM, MDS, MMB, RMB",
5722775,2016D06006,74120,Weathervane scallop,"scallop, weathervane",Patinopecten caurinus,2,1,7,0.182,1,"JDM, MDS, MMB, RMB",
5722776,2016D06006,74120,Weathervane scallop,"scallop, weathervane",Patinopecten caurinus,2,1,9,0.143,1,"JDM, MDS, MMB, RMB",
5722777,2016D06006,74120,Clappers,"scallop, weathervane",Patinopecten caurinus,,52,1,0.096,1,"JDM, MDS, MMB, RMB",
5722778,2016D06006,74120,Empty shells,"scallop, weathervane",Patinopecten caurinus,,99,,0.22,1,"JDM, MDS, MMB, RMB",
5722779,2016D06006,99997,Unsorted catch and debris,unsorted catch and debris,,,,,23.1,1,"JDM, MDS, MMB, RMB",
5722780,2016D06006,99997,Unsorted catch and debris,unsorted catch and debris,,,,,21.6,1,"JDM, MDS, MMB, RMB",
5722781,2016D06006,99997,Unsorted catch and debris,unsorted catch and debris,,,,,6.62,1,"JDM, MDS, MMB, RMB",
5722782,2016D06006,68560,Tanner crab,"crab, Tanner, bairdi",Chionoecetes bairdi,,,8,0.013,1,"JDM, MDS, MMB, RMB",MM
5722783,2016D06008,74120,Weathervane scallop,"scallop, weathervane",Patinopecten caurinus,1,1,10,2.28,1,"JDM, MDS, MMB, RMB",
5722784,2016D06008,74120,Weathervane scallop,"scallop, weathervane",Patinopecten caurinus,1,1,33,8.1,1,"JDM, MDS, MMB, RMB",
5722785,2016D06008,74120,Weathervane scallop,"scallop, weathervane",Patinopecten caurinus,1,1,30,8,1,"JDM, MDS, MMB, RMB",
5722786,2016D06008,74120,Weathervane scallop,"scallop, weathervane",Patinopecten caurinus,1,1,1,0.258,1,"JDM, MDS, MMB, RMB",
5722787,2016D06008,74120,Weathervane scallop,"scallop, weathervane",Patinopecten caurinus,2,1,10,0.33,1,"JDM, MDS, MMB, RMB",
5722788,2016D06008,74120,Weathervane scallop,"scallop, weathervane",Patinopecten caurinus,2,1,3,0.75,1,"JDM, MDS, MMB, RMB",
5722789,2016D06008,74120,Clappers,"scallop, weathervane",Patinopecten caurinus,,52,1,0.13,1,"JDM, MDS, MMB, RMB",
5722790,2016D06008,74120,Empty shells,"scallop, weathervane",Patinopecten caurinus,,99,,1.69,1,"JDM, MDS, MMB, RMB",
5722791,2016D06008,99997,Unsorted catch and debris,unsorted catch and debris,,,,,15.2,1,"JDM, MDS, MMB, RMB",
5722792,2016D06008,80160,Sunflower sea star,sunflower sea star,Pycnopodia helianthoides,,,1,2.22,1,"JDM, MDS, MMB, RMB",
5722793,2016D06008,68560,Tanner crab,"crab, Tanner, bairdi",Chionoecetes bairdi,,,9,0.02,1,"JDM, MDS, MMB, RMB",TT
5722794,2016D06008,20510,Sablefish,sablefish (blackcod),Anoplopoma fimbria,,,1,0.215,1,"JDM, MDS, MMB, RMB",
5722795,2016D06009,74120,Weathervane scallop,"scallop, weathervane",Patinopecten caurinus,1,1,73,18.36,1,"JDM, MDS, MMB, RMB",
5722796,2016D06009,74120,Weathervane scallop,"scallop, weathervane",Patinopecten caurinus,1,1,10,1.94,1,"JDM, MDS, MMB, RMB",
5722797,2016D06009,74120,Weathervane scallop,"scallop, weathervane",Patinopecten caurinus,1,1,30,7.5,1,"JDM, MDS, MMB, RMB",
5722798,2016D06009,74120,Weathervane scallop,"scallop, weathervane",Patinopecten caurinus,2,1,10,0.467,1,"JDM, MDS, MMB, RMB",
5722799,2016D06009,74120,Weathervane scallop,"scallop, weathervane",Patinopecten caurinus,2,1,6,0.235,1,"JDM, MDS, MMB, RMB",
5722800,2016D06009,74120,Clappers,"scallop, weathervane",Patinopecten caurinus,,52,4,0.609,1,"JDM, MDS, MMB, RMB",
5722801,2016D06009,74120,Empty shells,"scallop, weathervane",Patinopecten caurinus,,99,,1.032,1,"JDM, MDS, MMB, RMB",
5722802,2016D06009,99997,Unsorted catch and debris,unsorted catch and debris,,,,,18.98,1,"JDM, MDS, MMB, RMB",
5722803,2016D06009,435,B. interrupta,Sandpaper Skate,Bathyraja interrupta,,,1,0.108,1,"JDM, MDS, MMB, RMB",
5722804,2016D06009,99997,Unsorted catch and debris,unsorted catch and debris,,,,,3.257,2,"JDM, MDS, MMB, RMB",
5722805,2016D06009,68560,Tanner crab,"crab, Tanner, bairdi",Chionoecetes bairdi,,,14,0.013,2,"JDM, MDS, MMB, RMB",CT
5722806,2016D06010,74120,Weathervane scallop,"scallop, weathervane",Patinopecten caurinus,1,1,1,0.206,1,"JDM, MDS, MMB, RMB",
5722807,2016D06010,74120,Empty shells,"scallop, weathervane",Patinopecten caurinus,,99,,1.83,1,"JDM, MDS, MMB, RMB",
5722808,2016D06010,436,B. Interrupta egg case full,sandpaper skate egg case,Bathyraja interrupta egg case,,1,1,0.036,1,"JDM, MDS, MMB, RMB",
5722809,2016D06010,99997,Unsorted catch and debris,unsorted catch and debris,,,,,16.99,2,"JDM, MDS, MMB, RMB",
5722810,2016D06010,68560,Tanner crab,"crab, Tanner, bairdi",Chionoecetes bairdi,,,1,0.01,2,"JDM, MDS, MMB, RMB",XX
5722811,2016D06010,99997,Unsorted catch and debris,unsorted catch and debris,,,,,16.25,1,"JDM, MDS, MMB, RMB",
5722812,2016D06010,99997,Unsorted catch and debris,unsorted catch and debris,,,,,39.45,1,"JDM, MDS, MMB, RMB",
5722813,2016D06010,99997,Unsorted catch and debris,unsorted catch and debris,,,,,30.65,1,"JDM, MDS, MMB, RMB",
5722814,2016D06010,99997,Unsorted catch and debris,unsorted catch and debris,,,,,38.6,1,"JDM, MDS, MMB, RMB",
5722815,2016D06010,99997,Unsorted catch and debris,unsorted catch and debris,,,,,31.4,1,"JDM, MDS, MMB, RMB",
5722816,2016D06010,99997,Unsorted catch and debris,unsorted catch and debris,,,,,41.28,1,"JDM, MDS, MMB, RMB",
5722817,2016D06010,99997,Unsorted catch and debris,unsorted catch and debris,,,,,34.5,1,"JDM, MDS, MMB, RMB",
5722818,2016D06010,99997,Unsorted catch and debris,unsorted catch and debris,,,,,17.18,1,"JDM, MDS, MMB, RMB",
5722819,2016D06010,99997,Unsorted catch and debris,unsorted catch and debris,,,,,29,1,"JDM, MDS, MMB, RMB",
5722820,2016D06010,99997,Unsorted catch and debris,unsorted catch and debris,,,,,28.1,1,"JDM, MDS, MMB, RMB",
5722821,2016D06010,99997,Unsorted catch and debris,unsorted catch and debris,,,,,30.4,1,"JDM, MDS, MMB, RMB",
5722822,2016D06010,99997,Unsorted catch and debris,unsorted catch and debris,,,,,26.9,1,"JDM, MDS, MMB, RMB",
5722823,2016D06010,99997,Unsorted catch and debris,unsorted catch and debris,,,,,33.96,1,"JDM, MDS, MMB, RMB",
5722824,2016D06010,99997,Unsorted catch and debris,unsorted catch and debris,,,,,29.96,1,"JDM, MDS, MMB, RMB",
5722825,2016D06010,99997,Unsorted catch and debris,unsorted catch and debris,,,,,26.72,1,"JDM, MDS, MMB, RMB",
5722826,2016D06011,74120,Weathervane scallop,"scallop, weathervane",Patinopecten caurinus,1,1,8,2.63,1,"JDM, MDS, MMB, RMB",
5722827,2016D06011,74120,Weathervane scallop,"scallop, weathervane",Patinopecten caurinus,2,1,1,0.08,1,"JDM, MDS, MMB, RMB",
5722828,2016D06011,74120,Empty shells,"scallop, weathervane",Patinopecten caurinus,,99,,0.8,1,"JDM, MDS, MMB, RMB",
5722829,2016D06011,68560,Tanner crab,"crab, Tanner, bairdi",Chionoecetes bairdi,,,8,0.02,2,"JDM, MDS, MMB, RMB",XX
5722830,2016D06011,435,B. interrupta,Sandpaper Skate,Bathyraja interrupta,,,1,0.052,1,"JDM, MDS, MMB, RMB",
5722831,2016D06011,436,B. interrupta egg case full,sandpaper skate egg case,Bathyraja interrupta egg case,,1,1,0.042,1,"JDM, MDS, MMB, RMB",
5722832,2016D06011,436,B. interrupta egg case empty,sandpaper skate egg case,Bathyraja interrupta egg case,,99,8,0.15,1,"JDM, MDS, MMB, RMB",
5722833,2016D06011,99997,Unsorted catch and debris,unsorted catch and debris,,,,,12.8,2,"JDM, MDS, MMB, RMB",
5722834,2016D06011,99997,Unsorted catch and debris,unsorted catch and debris,,,,,29.16,1,"JDM, MDS, MMB, RMB",
5722835,2016D06011,99997,Unsorted catch and debris,unsorted catch and debris,,,,,28.6,1,"JDM, MDS, MMB, RMB",
5722836,2016D06011,99997,Unsorted catch and debris,unsorted catch and debris,,,,,25.2,1,"JDM, MDS, MMB, RMB",
5722837,2016D06011,99997,Unsorted catch and debris,unsorted catch and debris,,,,,28.6,1,"JDM, MDS, MMB, RMB",
5722838,2016D06011,99997,Unsorted catch and debris,unsorted catch and debris,,,,,34.5,1,"JDM, MDS, MMB, RMB",
5722839,2016D06011,99997,Unsorted catch and debris,unsorted catch and debris,,,,,43.6,1,"JDM, MDS, MMB, RMB",
5722840,2016D06012,99997,Unsorted catch and debris,unsorted catch and debris,,,,,21.08,1,"JDM, MDS, MMB, RMB",
5722841,2016D06012,80160,Sunflower sea star,sunflower sea star,Pycnopodia helianthoides,,,13,29.44,1,"JDM, MDS, MMB, RMB",
5722842,2016D06012,99997,Unsorted catch and debris,unsorted catch and debris,,,,,11.512,2,"JDM, MDS, MMB, RMB",
5722843,2016D06012,68560,Tanner crab,"crab, Tanner, bairdi",Chionoecetes bairdi,,,5,0.038,2,"JDM, MDS, MMB, RMB",TS
5722844,2016D06012,10270,Butter sole,"sole, butter",Isopsetta isolepis,,,2,0.285,1,"JDM, MDS, MMB, RMB",
5722845,2016D06012,421,Big skate egg case empty,Big skate egg case,Raja binoculata egg case,,99,1,0.123,1,"JDM, MDS, MMB, RMB",
5722846,2016D06012,99997,Unsorted catch and debris,unsorted catch and debris,,,,,12.96,1,"JDM, MDS, MMB, RMB",
5722847,2016D06012,99997,Unsorted catch and debris,unsorted catch and debris,,,,,5.4,1,"JDM, MDS, MMB, RMB",
5722848,2016D06012,99997,Unsorted catch and debris,unsorted catch and debris,,,,,21.74,1,"JDM, MDS, MMB, RMB",
5722849,2016D06012,99997,Unsorted catch and debris,unsorted catch and debris,,,,,17.02,1,"JDM, MDS, MMB, RMB",
5722850,2016D06012,99997,Unsorted catch and debris,unsorted catch and debris,,,,,18.22,1,"JDM, MDS, MMB, RMB",
5722851,2016D06013,74120,Weathervane scallop,"scallop, weathervane",Patinopecten caurinus,2,1,4,0.24,1,"JDM, MDS, MMB, RMB",
5722852,2016D06013,74120,Empty shells,"scallop, weathervane",Patinopecten caurinus,,99,,2.2,1,"JDM, MDS, MMB, RMB",
5722853,2016D06013,99997,Unsorted catch and debris,unsorted catch and debris,,,,,28.94,1,"JDM, MDS, MMB, RMB",
5722854,2016D06013,80160,Sunflower sea star,sunflower sea star,Pycnopodia helianthoides,,,3,4.64,1,"JDM, MDS, MMB, RMB",
5722855,2016D06013,99997,Unsorted catch and debris,unsorted catch and debris,,,,,7.49,2,"JDM, MDS, MMB, RMB",
5722856,2016D06013,421,Big skate egg case empty,Big skate egg case,Raja binoculata egg case,,99,5,1.9,1,"JDM, MDS, MMB, RMB",
5722857,2016D06013,435,B. interrupta,Sandpaper Skate,Bathyraja interrupta,,,2,4.76,1,"JDM, MDS, MMB, RMB",
5722858,2016D06013,10285,AK plaice,"flounder, Alaska plaice",Pleuronectes quadrituberculatus,,,1,1.46,1,"JDM, MDS, MMB, RMB",
5722859,2016D06013,10130,Flathead sole,"sole, flathead",Hippoglossoides elassodon,,,1,0.588,1,"JDM, MDS, MMB, RMB",
5722860,2016D06013,68560,Tanner crab,"crab, Tanner, bairdi",Chionoecetes bairdi,,,7,0.27,2,"JDM, MDS, MMB, RMB",PP
5722861,2016D06013,436,B. interrupta egg case empty,sandpaper skate egg case,Bathyraja interrupta egg case,,99,2,0.023,1,"JDM, MDS, MMB, RMB",
5722862,2016D06013,99997,Unsorted catch and debris,unsorted catch and debris,,,,,0.66,1,"JDM, MDS, MMB, RMB",
5722863,2016D06013,99997,Unsorted catch and debris,unsorted catch and debris,,,,,34.14,1,"JDM, MDS, MMB, RMB",
5722864,2016D06013,99997,Unsorted catch and debris,unsorted catch and debris,,,,,26.6,1,"JDM, MDS, MMB, RMB",
5722865,2016D06013,99997,Unsorted catch and debris,unsorted catch and debris,,,,,28.56,1,"JDM, MDS, MMB, RMB",
5722866,2016D06013,99997,Unsorted catch and debris,unsorted catch and debris,,,,,27.28,1,"JDM, MDS, MMB, RMB",
5722867,2016D06014,74120,Weathervane scallop,"scallop, weathervane",Patinopecten caurinus,1,1,5,1.84,1,"JDM, MDS, MMB, RMB",
5722868,2016D06014,74120,Weathervane scallop,"scallop, weathervane",Patinopecten caurinus,2,1,10,0.09,1,"JDM, MDS, MMB, RMB",
5722869,2016D06014,74120,Weathervane scallop,"scallop, weathervane",Patinopecten caurinus,2,1,30,0.209,1,"JDM, MDS, MMB, RMB",
5722870,2016D06014,74120,Weathervane scallop,"scallop, weathervane",Patinopecten caurinus,2,1,77,0.64,1,"JDM, MDS, MMB, RMB",
5722871,2016D06014,74120,Clappers,"scallop, weathervane",Patinopecten caurinus,,52,1,0.002,1,"JDM, MDS, MMB, RMB",
5722872,2016D06014,74120,Empty shells,"scallop, weathervane",Patinopecten caurinus,,99,,0.432,1,"JDM, MDS, MMB, RMB",
5722873,2016D06014,99997,Unsorted catch and debris,unsorted catch and debris,,,,,12.9,1,"JDM, MDS, MMB, RMB",
5722874,2016D06014,440,Longnose skate,"skate, longnose",Raja rhina,,,1,0.673,1,"JDM, MDS, MMB, RMB",
5722875,2016D06014,10130,Flathead sole,"sole, flathead",Hippoglossoides elassodon,,,1,0.635,1,"JDM, MDS, MMB, RMB",
5722876,2016D06014,10285,AK plaice,"flounder, Alaska plaice",Pleuronectes quadrituberculatus,,,1,0.948,1,"JDM, MDS, MMB, RMB",
5722877,2016D06014,99997,Unsorted catch and debris,unsorted catch and debris,,,,,2.27,1,"JDM, MDS, MMB, RMB",
5722878,2016D06014,68560,Tanner crab,"crab, Tanner, bairdi",Chionoecetes bairdi,,,16,0.06,1,"JDM, MDS, MMB, RMB",TO
5722879,2016D06015,74120,Weathervane scallop,"scallop, weathervane",Patinopecten caurinus,1,1,10,2.41,1,"JDM, MDS, MMB, RMB",SF
5722880,2016D06015,74120,Weathervane scallop,"scallop, weathervane",Patinopecten caurinus,2,1,30,0.629,1,"JDM, MDS, MMB, RMB",
5722881,2016D06015,74120,Weathervane scallop,"scallop, weathervane",Patinopecten caurinus,2,1,53,0.867,1,"JDM, MDS, MMB, RMB",BF
5722882,2016D06015,74120,Weathervane scallop,"scallop, weathervane",Patinopecten caurinus,2,1,10,0.145,1,"JDM, MDS, MMB, RMB",
5722883,2016D06015,74120,Empty shells,"scallop, weathervane",Patinopecten caurinus,,99,,0.715,1,"JDM, MDS, MMB, RMB",
5722884,2016D06015,99997,Unsorted catch and debris,unsorted catch and debris,,,,,9.86,1,"JDM, MDS, MMB, RMB",
5722885,2016D06015,80160,Sunflower sea star,sunflower sea star,Pycnopodia helianthoides,,,1,1.2,1,"JDM, MDS, MMB, RMB",
5722886,2016D06015,68560,Tanner crab,"crab, Tanner, bairdi",Chionoecetes bairdi,,,17,0.009,1,"JDM, MDS, MMB, RMB",FF
5722887,2016D06015,10130,Flathead sole,"sole, flathead",Hippoglossoides elassodon,,,1,0.098,1,"JDM, MDS, MMB, RMB",
5722888,2016D06015,99997,Unsorted catch and debris,unsorted catch and debris,,,,,4.56,1,"JDM, MDS, MMB, RMB",
5722889,2016D06015,99997,Unsorted catch and debris,unsorted catch and debris,,,,,9.52,1,"JDM, MDS, MMB, RMB",
5722890,2016D06016,74120,Weathervane scallop,"scallop, weathervane",Patinopecten caurinus,1,1,10,1.85,1,"JDM, MDS, MMB, RMB",
5722891,2016D06016,74120,Weathervane scallop,"scallop, weathervane",Patinopecten caurinus,1,1,30,6.9,1,"JDM, MDS, MMB, RMB",
5722892,2016D06016,74120,Weathervane scallop,"scallop, weathervane",Patinopecten caurinus,1,1,5,1.03,1,"JDM, MDS, MMB, RMB",
5722893,2016D06016,74120,Weathervane scallop,"scallop, weathervane",Patinopecten caurinus,1,1,1,0.15,1,"JDM, MDS, MMB, RMB",
5722894,2016D06016,74120,Weathervane scallop,"scallop, weathervane",Patinopecten caurinus,1,1,3,0.53,1,"JDM, MDS, MMB, RMB",
5722895,2016D06016,74120,Weathervane scallop,"scallop, weathervane",Patinopecten caurinus,2,1,10,0.37,1,"JDM, MDS, MMB, RMB",
5722896,2016D06016,74120,Weathervane scallop,"scallop, weathervane",Patinopecten caurinus,2,1,19,0.63,1,"JDM, MDS, MMB, RMB",
5722897,2016D06016,74120,Clappers,"scallop, weathervane",Patinopecten caurinus,,52,3,0.3,1,"JDM, MDS, MMB, RMB",
5722898,2016D06016,74120,Empty shells,"scallop, weathervane",Patinopecten caurinus,,99,,0.36,1,"JDM, MDS, MMB, RMB",
5722899,2016D06016,99997,Unsorted catch and debris,unsorted catch and debris,,,,,8.47,1,"JDM, MDS, MMB, RMB",
5722900,2016D06016,80160,Sunflower sea star,sunflower sea star,Pycnopodia helianthoides,,,1,2.72,1,"JDM, MDS, MMB, RMB",
5722901,2016D06016,68560,Tanner crab,"crab, Tanner, bairdi",Chionoecetes bairdi,,,13,0.04,1,"JDM, MDS, MMB, RMB",TS
5722902,2016D06016,435,B. interrupta,Sandpaper Skate,Bathyraja interrupta,,,1,1.28,1,"JDM, MDS, MMB, RMB",
5722903,2016D06016,421,Big skate egg case empty,Big skate egg case,Raja binoculata egg case,,99,1,0.23,1,"JDM, MDS, MMB, RMB",
5722904,2016D06017,74120,Weathervane scallop,"scallop, weathervane",Patinopecten caurinus,1,1,19,3.5,1,"JDM, MDS, MMB, RMB",
5722905,2016D06017,74120,Weathervane scallop,"scallop, weathervane",Patinopecten caurinus,1,1,10,1.925,1,"JDM, MDS, MMB, RMB",
5722906,2016D06017,74120,Weathervane scallop,"scallop, weathervane",Patinopecten caurinus,1,1,30,5.84,1,"JDM, MDS, MMB, RMB",
5722907,2016D06017,74120,Weathervane scallop,"scallop, weathervane",Patinopecten caurinus,1,1,1,0.135,1,"JDM, MDS, MMB, RMB",
5722908,2016D06017,74120,Weathervane scallop,"scallop, weathervane",Patinopecten caurinus,2,1,24,0.756,1,"JDM, MDS, MMB, RMB",
5722909,2016D06017,74120,Weathervane scallop,"scallop, weathervane",Patinopecten caurinus,2,1,10,0.47,1,"JDM, MDS, MMB, RMB",
5722910,2016D06017,74120,Weathervane scallop,"scallop, weathervane",Patinopecten caurinus,2,1,1,0.037,1,"JDM, MDS, MMB, RMB",
5722911,2016D06017,74120,Empty shells,"scallop, weathervane",Patinopecten caurinus,,99,,0.362,1,"JDM, MDS, MMB, RMB",
5722912,2016D06017,80160,Sunflower sea star,sunflower sea star,Pycnopodia helianthoides,,,2,3.5,1,"JDM, MDS, MMB, RMB",
5722913,2016D06017,10130,Flathead sole,"sole, flathead",Hippoglossoides elassodon,,,1,0.05,1,"JDM, MDS, MMB, RMB",
5722914,2016D06017,99997,Unsorted catch and debris,unsorted catch and debris,,,,,24.6,1,"JDM, MDS, MMB, RMB",
5722915,2016D06017,99997,Unsorted catch and debris,unsorted catch and debris,,,,,16.8,1,"JDM, MDS, MMB, RMB",
5722916,2016D06017,99997,Unsorted catch and debris,unsorted catch and debris,,,,,5.95,2,"JDM, MDS, MMB, RMB",
5722917,2016D06017,68560,Tanner crab,"crab, Tanner, bairdi",Chionoecetes bairdi,,,26,0.37,2,"JDM, MDS, MMB, RMB",XX
5722918,2016D06018,74120,Weathervane scallop,"scallop, weathervane",Patinopecten caurinus,1,1,27,7.96,1,"JDM, MDS, MMB, RMB",
5722919,2016D06018,74120,Weathervane scallop,"scallop, weathervane",Patinopecten caurinus,1,1,10,3.22,1,"JDM, MDS, MMB, RMB",
5722920,2016D06018,74120,Weathervane scallop,"scallop, weathervane",Patinopecten caurinus,2,1,5,0.12,1,"JDM, MDS, MMB, RMB",
5722921,2016D06018,74120,Clappers,"scallop, weathervane",Patinopecten caurinus,,52,4,0.341,1,"JDM, MDS, MMB, RMB",
5722922,2016D06018,74120,Empty shells,"scallop, weathervane",Patinopecten caurinus,,99,,1.01,1,"JDM, MDS, MMB, RMB",
5722923,2016D06018,99997,Unsorted catch and debris,unsorted catch and debris,,,,,21.2,1,"JDM, MDS, MMB, RMB",
5722924,2016D06018,99997,Unsorted catch and debris,unsorted catch and debris,,,,,19.96,1,"JDM, MDS, MMB, RMB",
5722925,2016D06018,99997,Unsorted catch and debris,unsorted catch and debris,,,,,21.14,1,"JDM, MDS, MMB, RMB",
5722926,2016D06018,99997,Unsorted catch and debris,unsorted catch and debris,,,,,5.7,1,"JDM, MDS, MMB, RMB",
5722927,2016D06018,99997,Unsorted catch and debris,unsorted catch and debris,,,,,15.5,1,"JDM, MDS, MMB, RMB",
5722928,2016D06018,99997,Unsorted catch and debris,unsorted catch and debris,,,,,8.2,1,"JDM, MDS, MMB, RMB",
5722929,2016D06018,435,B. interrupta,Sandpaper Skate,Bathyraja interrupta,,,3,2.7,1,"JDM, MDS, MMB, RMB",
5722930,2016D06018,435,B. interrupta,Sandpaper Skate,Bathyraja interrupta,,,1,1.7,1,"JDM, MDS, MMB, RMB",
5722931,2016D06018,99997,Unsorted catch and debris,unsorted catch and debris,,,,,3.947,2,"JDM, MDS, MMB, RMB",
5722932,2016D06019,80160,Sunflower sea star,sunflower sea star,Pycnopodia helianthoides,,,1,1,1,"JDM, MDS, MMB, RMB",
5722933,2016D06018,68560,Tanner crab,"crab, Tanner, bairdi",Chionoecetes bairdi,,,13,0.013,2,"JDM, MDS, MMB, RMB",PP
5722934,2016D06019,99997,Unsorted catch and debris,unsorted catch and debris,,,,,26.16,2,"JDM, MDS, MMB, RMB",
5722935,2016D06019,99997,Unsorted catch and debris,unsorted catch and debris,,,,,20.7,1,"JDM, MDS, MMB, RMB",
5722936,2016D06019,99997,Unsorted catch and debris,unsorted catch and debris,,,,,32.05,1,"JDM, MDS, MMB, RMB",
5722937,2016D06019,99997,Unsorted catch and debris,unsorted catch and debris,,,,,35,1,"JDM, MDS, MMB, RMB",
5722938,2016D06019,99997,Unsorted catch and debris,unsorted catch and debris,,,,,25.4,1,"JDM, MDS, MMB, RMB",
5722939,2016D06019,99997,Unsorted catch and debris,unsorted catch and debris,,,,,31.5,1,"JDM, MDS, MMB, RMB",
5722940,2016D06019,99997,Unsorted catch and debris,unsorted catch and debris,,,,,41.1,1,"JDM, MDS, MMB, RMB",
5722941,2016D06019,99997,Unsorted catch and debris,unsorted catch and debris,,,,,27.05,1,"JDM, MDS, MMB, RMB",
5722942,2016D06019,99997,Unsorted catch and debris,unsorted catch and debris,,,,,23.76,1,"JDM, MDS, MMB, RMB",
5722943,2016D06019,99997,Unsorted catch and debris,unsorted catch and debris,,,,,18.1,1,"JDM, MDS, MMB, RMB",
5722944,2016D06019,99997,Unsorted catch and debris,unsorted catch and debris,,,,,25.7,1,"JDM, MDS, MMB, RMB",
5722945,2016D06019,99997,Unsorted catch and debris,unsorted catch and debris,,,,,41.3,1,"JDM, MDS, MMB, RMB",
5722946,2016D06019,99997,Unsorted catch and debris,unsorted catch and debris,,,,,27.3,1,"JDM, MDS, MMB, RMB",
5722947,2016D06019,99997,Unsorted catch and debris,unsorted catch and debris,,,,,34.3,1,"JDM, MDS, MMB, RMB",
5722948,2016D06019,99997,Unsorted catch and debris,unsorted catch and debris,,,,,11.76,1,"JDM, MDS, MMB, RMB",
5722949,2016D06019,99997,Unsorted catch and debris,unsorted catch and debris,,,,,32.7,1,"JDM, MDS, MMB, RMB",
5722950,2016D06019,99997,Unsorted catch and debris,unsorted catch and debris,,,,,28.42,1,"JDM, MDS, MMB, RMB",
5722951,2016D06019,99997,Unsorted catch and debris,unsorted catch and debris,,,,,28.88,1,"JDM, MDS, MMB, RMB",
5722952,2016D06019,99997,Unsorted catch and debris,unsorted catch and debris,,,,,36.76,1,"JDM, MDS, MMB, RMB",
5722953,2016D06019,99997,Unsorted catch and debris,unsorted catch and debris,,,,,27.76,1,"JDM, MDS, MMB, RMB",
5722954,2016D06020,74120,Weathervane scallop,"scallop, weathervane",Patinopecten caurinus,1,1,10,2.7,1,"JDM, MDS, MMB, RMB",
5722955,2016D06020,74120,Weathervane scallop,"scallop, weathervane",Patinopecten caurinus,1,1,30,9.94,1,"JDM, MDS, MMB, RMB",
5722956,2016D06020,74120,Weathervane scallop,"scallop, weathervane",Patinopecten caurinus,1,1,6,1.18,1,"JDM, MDS, MMB, RMB",
5722957,2016D06020,74120,Weathervane scallop,"scallop, weathervane",Patinopecten caurinus,2,1,9,0.149,1,"JDM, MDS, MMB, RMB",
5722958,2016D06020,74120,Weathervane scallop,"scallop, weathervane",Patinopecten caurinus,2,1,2,0.038,1,"JDM, MDS, MMB, RMB",
5722959,2016D06020,74120,Clappers,"scallop, weathervane",Patinopecten caurinus,,52,3,0.29,1,"JDM, MDS, MMB, RMB",
5722960,2016D06020,74120,Empty shells,"scallop, weathervane",Patinopecten caurinus,,99,,0.83,1,"JDM, MDS, MMB, RMB",
5722961,2016D06020,99997,Unsorted catch and debris,unsorted catch and debris,,,,,20.94,1,"JDM, MDS, MMB, RMB",
5722962,2016D06020,435,B. interrupta,Sandpaper Skate,Bathyraja interrupta,,,1,0.225,1,"JDM, MDS, MMB, RMB",
5722963,2016D06019,68560,Tanner crab,"crab, Tanner, bairdi",Chionoecetes bairdi,,,9,0.04,2,"JDM, MDS, MMB, RMB",SS
5722964,2016D06020,99997,Unsorted catch and debris,unsorted catch and debris,,,,,4.01,2,"JDM, MDS, MMB, RMB",
5722965,2016D06020,68560,Tanner crab not measured,"crab, Tanner, bairdi",Chionoecetes bairdi,,,25,0.08,2,"JDM, MDS, MMB, RMB",
5722966,2016D06021,74120,Weathervane scallop,"scallop, weathervane",Patinopecten caurinus,1,1,25,8.3,1,"JDM, MDS, MMB, RMB",
5722967,2016D06021,74120,Weathervane scallop,"scallop, weathervane",Patinopecten caurinus,1,1,30,9.58,1,"JDM, MDS, MMB, RMB",
5722968,2016D06021,74120,Weathervane scallop,"scallop, weathervane",Patinopecten caurinus,1,1,10,2.9,1,"JDM, MDS, MMB, RMB",
5722969,2016D06021,74120,Clappers,"scallop, weathervane",Patinopecten caurinus,,52,2,0.35,1,"JDM, MDS, MMB, RMB",
5722970,2016D06021,74120,Empty shells,"scallop, weathervane",Patinopecten caurinus,,99,,1.56,1,"JDM, MDS, MMB, RMB",
5722971,2016D06021,435,B. interrupta,Sandpaper Skate,Bathyraja interrupta,,,2,0.7,1,"JDM, MDS, MMB, RMB",
5722972,2016D06021,99997,Unsorted catch and debris,unsorted catch and debris,,,,,17.9,1,"JDM, MDS, MMB, RMB",
5722973,2016D06021,441,Longnose skate egg case empty,longnose skate egg case,raja rhina egg case,,99,2,0.15,1,"JDM, MDS, MMB, RMB",
5722974,2016D06021,436,B. interrupta egg case full,sandpaper skate egg case,Bathyraja interrupta egg case,,1,1,0.03,1,"JDM, MDS, MMB, RMB",
5722975,2016D06020,68560,Tanner crab,"crab, Tanner, bairdi",Chionoecetes bairdi,,,10,0.01,2,"JDM, MDS, MMB, RMB",PP
5722976,2016D06021,99997,Unsorted catch and debris,unsorted catch and debris,,,,,2.93,2,"JDM, MDS, MMB, RMB",
5722977,2016D06021,68560,Tanner crab not measured,"crab, Tanner, bairdi",Chionoecetes bairdi,,,60,0.08,2,"JDM, MDS, MMB, RMB",
5722978,2016D06022,74120,Weathervane scallop,"scallop, weathervane",Patinopecten caurinus,1,1,1,0.35,1,"JDM, MDS, MMB, RMB",
5722979,2016D06022,74120,Empty shells,"scallop, weathervane",Patinopecten caurinus,,99,,0.335,1,"JDM, MDS, MMB, RMB",
5722980,2016D06022,99997,Unsorted catch and debris,unsorted catch and debris,,,,,13.96,1,"JDM, MDS, MMB, RMB",
5722981,2016D06022,99997,Unsorted catch and debris,unsorted catch and debris,,,,,22.18,1,"JDM, MDS, MMB, RMB",
5722982,2016D06022,99997,Unsorted catch and debris,unsorted catch and debris,,,,,21.68,1,"JDM, MDS, MMB, RMB",
5722983,2016D06022,99997,Unsorted catch and debris,unsorted catch and debris,,,,,22.2,1,"JDM, MDS, MMB, RMB",
5722984,2016D06022,80160,Sunflower sea star,sunflower sea star,Pycnopodia helianthoides,,,1,3.54,1,"JDM, MDS, MMB, RMB",
5722985,2016D06021,68560,Tanner crab,"crab, Tanner, bairdi",Chionoecetes bairdi,,,10,0.01,2,"JDM, MDS, MMB, RMB",BF
5722986,2016D06022,99997,Unsorted catch and debris,unsorted catch and debris,,,,,7.587,2,"JDM, MDS, MMB, RMB",
5722987,2016D06022,10130,Flathead sole,"sole, flathead",Hippoglossoides elassodon,,,1,0.07,1,"JDM, MDS, MMB, RMB",
5722988,2016D06022,435,B. interrupta,Sandpaper Skate,Bathyraja interrupta,,,5,2.64,1,"JDM, MDS, MMB, RMB",
5722989,2016D06022,441,Longnose skate egg case dead,longnose skate egg case,raja rhina egg case,,99,3,0.14,1,"JDM, MDS, MMB, RMB",
5722990,2016D06022,441,Longnose skate egg case live,longnose skate egg case,raja rhina egg case,,1,3,0.14,1,"JDM, MDS, MMB, RMB",
5722991,2016D06022,421,Big skate egg case empty,Big skate egg case,Raja binoculata egg case,,99,1,0.12,1,"JDM, MDS, MMB, RMB",
5722992,2016D06022,436,B. interrupta egg case dead,sandpaper skate egg case,Bathyraja interrupta egg case,,99,19,0.45,1,"JDM, MDS, MMB, RMB",
5722993,2016D06022,66031,Pink shrimp,"shrimp, northern (pink)",Pandalus borealis,,,1,0.004,1,"JDM, MDS, MMB, RMB",
5722994,2016D06023,74120,Weathervane scallop,"scallop, weathervane",Patinopecten caurinus,1,1,1,0.11,1,"JDM, MDS, MMB, RMB",
5722995,2016D06023,74120,Weathervane scallop,"scallop, weathervane",Patinopecten caurinus,2,1,2,0.001,1,"JDM, MDS, MMB, RMB",
5722996,2016D06023,74120,Clappers,"scallop, weathervane",Patinopecten caurinus,,52,1,0.152,1,"JDM, MDS, MMB, RMB",
5722997,2016D06023,74120,Empty shells,"scallop, weathervane",Patinopecten caurinus,,99,,0.75,1,"JDM, MDS, MMB, RMB",
5722998,2016D06023,435,B. interrupta,Sandpaper Skate,Bathyraja interrupta,,,1,0.523,1,"JDM, MDS, MMB, RMB",
5722999,2016D06023,436,B. interrupta egg case empty,sandpaper skate egg case,Bathyraja interrupta egg case,,99,23,0.42,1,"JDM, MDS, MMB, RMB",
5723000,2016D06023,99997,Unsorted catch and debris,unsorted catch and debris,,,,,10.92,1,"JDM, MDS, MMB, RMB",
5723001,2016D06023,99997,Unsorted catch and debris,unsorted catch and debris,,,,,13,1,"JDM, MDS, MMB, RMB",
5723002,2016D06023,99997,Unsorted catch and debris,unsorted catch and debris,,,,,14.5,1,"JDM, MDS, MMB, RMB",
5723003,2016D06023,99997,Unsorted catch and debris,unsorted catch and debris,,,,,7.25,1,"JDM, MDS, MMB, RMB",
5723004,2016D06022,68560,Tanner crab,"crab, Tanner, bairdi",Chionoecetes bairdi,,,8,0.013,2,"JDM, MDS, MMB, RMB",BR
5723005,2016D06023,99997,Unsorted catch and debris,unsorted catch and debris,,,,,2.16,2,"JDM, MDS, MMB, RMB",
5723006,2016D06023,68560,Tanner crab,"crab, Tanner, bairdi",Chionoecetes bairdi,,,15,0.01,2,"JDM, MDS, MMB, RMB",CK
